soil_type,temperature,rainfall,season,label
loamy,20.87974371,202.9355362,monsoon,rice
loamy,21.77046169,226.6555374,monsoon,rice
black,23.00445915,263.9642476,monsoon,rice
sandy,26.49109635,242.8640342,monsoon,rice
loamy,20.13017482,262.7173405,monsoon,rice
clay,23.05804872,251.0549998,monsoon,rice
black,22.70883798,271.3248604,monsoon,rice
black,20.27774362,241.9741949,monsoon,rice
clay,24.51588066,230.4462359,monsoon,rice
sandy,23.22397386,221.2091958,monsoon,rice
black,26.52723513,264.6148697,monsoon,rice
black,23.97898217,250.0832336,monsoon,rice
clay,26.80079604,284.4364567,monsoon,rice
clay,24.01497622,185.2773389,summer,rice
black,25.66585205,209.5869708,monsoon,rice
clay,24.28209415,231.0863347,monsoon,rice
black,21.58711777,276.655245899999,monsoon,rice
sandy,23.79391957,206.2611855,monsoon,rice
clay,21.8652524,224.5550169,monsoon,rice
clay,23.57943626,291.2986618,monsoon,rice
black,21.32504158,185.4974732,summer,rice
black,25.15745531,231.3843163,monsoon,rice
clay,21.94766735,213.3560921,monsoon,rice
clay,21.0525355,233.1075816,monsoon,rice
black,23.48381344,224.0581164,monsoon,rice
loamy,25.0756354,257.0038865,monsoon,rice
sandy,26.35927159,271.3586137,monsoon,rice
clay,24.52922681,260.2634026,monsoon,rice
black,20.77576147,240.0810647,monsoon,rice
black,22.30157427,197.9791215,summer,rice
loamy,21.44653958,272.2017204,monsoon,rice
sandy,22.17931888,200.0882787,monsoon,rice
black,24.52783742,224.6757231,monsoon,rice
black,20.26707606,270.4417274,monsoon,rice
sandy,25.7354293,233.1321372,monsoon,rice
loamy,26.79533926,193.3473987,summer,rice
clay,26.75754171,272.2999056,monsoon,rice
sandy,23.86330467,285.2493645,monsoon,rice
sandy,21.01944696,298.4018471,monsoon,rice
sandy,24.17298839,257.0343554,monsoon,rice
sandy,22.78133816,248.7183228,monsoon,rice
black,25.62980105,209.9001977,monsoon,rice
black,25.59704938,200.834898,monsoon,rice
sandy,23.83067496,298.5601175,monsoon,rice
black,26.31355498,265.5355937,monsoon,rice
loamy,24.8972823,183.6793207,summer,rice
clay,24.958779,196.9560008,summer,rice
black,23.24113501,233.0453455,monsoon,rice
sandy,21.66628296,210.8142087,monsoon,rice
sandy,24.63544858,253.7202781,monsoon,rice
loamy,23.43121862,219.9048349,monsoon,rice
black,20.0454142,208.5810155,monsoon,rice
loamy,23.85724032,195.0948311,summer,rice
black,21.97199397,227.3637009,monsoon,rice
loamy,26.22916897,286.5083725,monsoon,rice
clay,23.44676801,283.9338466,monsoon,rice
clay,25.65553461,217.3788583,monsoon,rice
clay,24.44345477,267.9761948,monsoon,rice
clay,20.2801937,191.9535738,summer,rice
black,21.7238313,277.9626192,monsoon,rice
clay,20.41447029,245.1511304,monsoon,rice
sandy,25.75528612,245.6626799,monsoon,rice
loamy,20.61521424,279.5451717,monsoon,rice
loamy,21.84106875,202.3838319,monsoon,rice
sandy,20.08369642,263.6372176,monsoon,rice
clay,24.45802087,182.5616319,summer,rice
black,21.14347496,198.6730942,summer,rice
sandy,25.78720567,243.5120414,monsoon,rice
clay,23.64124821,263.1103304,monsoon,rice
loamy,23.43191632,269.5039162,monsoon,rice
sandy,24.97669518,204.8001847,monsoon,rice
clay,22.72791041,260.8875056,monsoon,rice
loamy,24.87300744,295.6094492,monsoon,rice
loamy,21.32376327,192.3197536,summer,rice
loamy,26.29465461,257.4914906,monsoon,rice
clay,22.2286982,278.0791793,monsoon,rice
loamy,26.73072391,280.4044392,monsoon,rice
sandy,24.88921174,185.9461429,summer,rice
sandy,26.88444878,194.5766559,summer,rice
clay,22.67846116,200.9133156,monsoon,rice
black,26.08867875,182.9043504,summer,rice
black,25.42977518,195.3574542,summer,rice
black,26.40323239,223.3671883,monsoon,rice
clay,26.04371967,186.7536773,summer,rice
clay,25.2827223,220.1156708,monsoon,rice
black,22.08576562,231.7364957,monsoon,rice
clay,23.28617173,242.3170629,monsoon,rice
clay,25.48591986,182.6549356,summer,rice
sandy,23.67575393,233.7034975,monsoon,rice
clay,20.82477109,230.2242223,monsoon,rice
clay,26.92995077,290.6793783,monsoon,rice
loamy,23.83509503,241.2013513,monsoon,rice
black,26.52872817,218.9163567,monsoon,rice
loamy,26.46428311,248.2256491,monsoon,rice
clay,22.69657794,256.9964761,monsoon,rice
black,22.68319059,194.2651719,summer,rice
clay,21.53346343,295.9248796,monsoon,rice
clay,21.40865769,287.5766935,monsoon,rice
sandy,26.54348085,183.6222657,summer,rice
loamy,23.35905428,188.413665,summer,rice
sandy,22.61359953,87.75953857,winter,maize
black,26.10018422,102.2662445,summer,maize
sandy,23.55882094,66.71995467,winter,maize
loamy,19.97215954,60.65171481,winter,maize
black,18.47891261,65.43835393,winter,maize
sandy,21.77689322,102.0861694,summer,maize
sandy,25.6217169,105.4654703,summer,maize
clay,25.19192419,78.06639649,winter,maize
sandy,20.41683147,65.27798457,winter,maize
loamy,24.92162194,109.2162279,summer,maize
loamy,23.31689124,94.29712821,winter,maize
clay,24.84016732,74.05474936,winter,maize
sandy,22.27526694,63.87020584,winter,maize
sandy,18.87751445,94.76189431,winter,maize
sandy,25.19008683,72.12375573,winter,maize
black,18.25405352,63.72358154,winter,maize
clay,24.6129118,104.1626147,summer,maize
sandy,25.1420613,76.68456006,winter,maize
black,23.09348056,65.49730729,winter,maize
sandy,18.05033737,84.23613484,winter,maize
clay,24.9321581,79.74078719,winter,maize
black,18.14710054,88.07753741,winter,maize
clay,18.28362235,80.97573281,winter,maize
sandy,18.83344471,79.7532895999999,winter,maize
black,25.71895816,74.51490791,winter,maize
loamy,25.33797709,96.46380213,winter,maize
sandy,23.89114571,102.8301942,summer,maize
loamy,21.53574127,102.4852929,summer,maize
loamy,23.08974909,70.43473609,winter,maize
sandy,25.61707368,108.8303762,summer,maize
black,21.44526922,65.88951188,winter,maize
loamy,18.51816776,90.988051,winter,maize
black,22.53510514,64.40866039,winter,maize
black,23.02038334,63.03843397,winter,maize
clay,24.89364635,87.9298085,winter,maize
black,25.77175115,107.4931917,summer,maize
clay,19.39851734,60.95197486,winter,maize
black,21.54156232,109.7515385,summer,maize
black,23.79746068,91.76337172,winter,maize
clay,18.9802729,94.26249353,winter,maize
clay,24.10859207,71.07562236,winter,maize
black,24.7947077,76.72860067,winter,maize
clay,21.63162756,69.21803098,winter,maize
clay,25.37548751,101.7004306,summer,maize
sandy,22.21738222,106.6213157,summer,maize
loamy,20.58314011,66.29390357,winter,maize
clay,24.87502824,91.26056654,winter,maize
clay,20.03728219,109.024141,summer,maize
loamy,25.95263264,99.57981207,winter,maize
sandy,19.28889933,71.3195307,winter,maize
black,20.57981887,78.34604471,winter,maize
sandy,24.71417533,88.45361858,winter,maize
clay,20.27317074,62.50351892,winter,maize
sandy,18.41932981,76.41312437,winter,maize
clay,23.39128187,107.3198135,summer,maize
black,19.84939404,100.7689246,summer,maize
black,21.869274,107.2681929,summer,maize
sandy,22.8056033,101.5952794,summer,maize
clay,19.0781471,80.72515943,winter,maize
black,22.02720976,83.73280082,winter,maize
loamy,23.80546189,89.9622014,winter,maize
sandy,18.52510753,88.10234397,winter,maize
loamy,23.50297882,64.77791424,winter,maize
clay,26.54986394,73.33636055,winter,maize
black,19.29563411,83.21030571,winter,maize
sandy,20.68899915,103.651438,summer,maize
clay,19.32666088,84.22969177,winter,maize
loamy,24.60532218,96.59195302,winter,maize
sandy,22.27373646,67.96704792,winter,maize
clay,25.70196694,83.20711308,winter,maize
black,19.20129357,87.85092352,winter,maize
black,21.70181447,95.71388473,winter,maize
sandy,20.51716779,67.61013737,winter,maize
clay,23.30355338,97.59081274,winter,maize
loamy,24.2547451,64.23845455,winter,maize
clay,24.86374934,75.82270467,winter,maize
black,22.6265115,88.17251033,winter,maize
loamy,18.04185513,104.2321615,summer,maize
sandy,23.26237612,67.10225139,winter,maize
black,22.88330922,67.72777298,winter,maize
sandy,25.97482359,103.2234212,summer,maize
sandy,26.14384005,107.2361366,summer,maize
sandy,18.66116213,75.03247667,winter,maize
clay,25.10787449,78.16077693,winter,maize
clay,23.33844615,105.0083144,summer,maize
clay,25.08239719,62.49190812,winter,maize
sandy,25.36768364,107.9124111,summer,maize
loamy,25.34217103,74.52082026,winter,maize
loamy,25.00933355,62.91359494,winter,maize
black,18.66746724,69.93293255,winter,maize
sandy,20.37999665,108.5054416,summer,maize
sandy,18.09300227,78.96159541,winter,maize
black,26.16985907,79.84925393,winter,maize
black,18.65396672,93.62039175,winter,maize
loamy,26.07470121,85.75692395,winter,maize
loamy,18.92851916,82.34162918,winter,maize
black,23.30546753,108.7603001,summer,maize
sandy,18.74826712,70.23401597,winter,maize
clay,19.74213321,65.50861389,winter,maize
loamy,25.73044432,98.73771338,winter,maize
sandy,17.02498456,88.55123143,winter,chickpea
black,19.02061277,79.92698081,winter,chickpea
black,17.88776475,68.54932919,winter,chickpea
clay,18.86805647,88.51048983,winter,chickpea
sandy,18.36952567,79.26357665,winter,chickpea
sandy,20.45078582,92.68373702,winter,chickpea
sandy,20.6543203,74.6631118,winter,chickpea
clay,17.3348681,82.61734721,winter,chickpea
sandy,18.17912258,81.84997529,winter,chickpea
black,18.01272266,81.98568791,winter,chickpea
black,20.99373558,93.55280105,winter,chickpea
clay,19.46233971,74.58565097,winter,chickpea
black,19.81344531,78.96514709,winter,chickpea
black,18.97424756,80.7108745,winter,chickpea
sandy,18.19737048,70.18185181,winter,chickpea
black,18.72963144,71.58010169,winter,chickpea
clay,20.99502153,73.50734019,winter,chickpea
clay,20.28155898,82.52339655,winter,chickpea
sandy,17.48042641,66.96980581,winter,chickpea
sandy,20.88818675,90.46228334,winter,chickpea
loamy,17.08498521,71.31007253,winter,chickpea
black,20.09340593,85.74904898,winter,chickpea
loamy,17.57212145,89.31050665,winter,chickpea
sandy,19.12065218,85.52950164,winter,chickpea
clay,18.57665902,72.94940441,winter,chickpea
clay,17.16606398,72.32667516,winter,chickpea
black,18.2872007,74.87445574,winter,chickpea
clay,19.03025305,94.70992037,winter,chickpea
sandy,17.1418613999999,83.74606679,winter,chickpea
black,17.47809436,78.92060234,winter,chickpea
sandy,20.56601874,83.75937135,winter,chickpea
black,17.22385224,76.57580954,winter,chickpea
black,19.69141713,91.76071648,winter,chickpea
loamy,17.84851658,76.32470713,winter,chickpea
sandy,18.8202251,89.73119396,winter,chickpea
sandy,17.47500984,93.35034262,winter,chickpea
clay,18.72649425,81.20176515,winter,chickpea
black,18.65580107,81.70769297,winter,chickpea
sandy,18.2356751,83.74879344,winter,chickpea
loamy,18.81198127,77.5429424,winter,chickpea
sandy,18.65054116,77.92798682,winter,chickpea
loamy,20.36720401,82.2545577,winter,chickpea
loamy,18.38120357,70.52056697,winter,chickpea
sandy,17.17012591,72.78624223,winter,chickpea
loamy,19.37101121,85.24819851,winter,chickpea
loamy,17.92845928,85.37378769,winter,chickpea
sandy,19.45339934,75.6317566,winter,chickpea
loamy,19.12829388,89.61857826,winter,chickpea
clay,19.1034283,75.49101167,winter,chickpea
loamy,17.48504075,86.05078037,winter,chickpea
sandy,19.40751744,80.25064637,winter,chickpea
loamy,20.18649426,78.26039559,winter,chickpea
black,17.30287885,75.57790384,winter,chickpea
black,17.50361137,72.9446671,winter,chickpea
black,18.17234999,90.7760707,winter,chickpea
loamy,17.57445618,77.81891424,winter,chickpea
sandy,20.93175255,78.06910795,winter,chickpea
sandy,19.71098332,85.57925437,winter,chickpea
clay,19.07937684,69.40619137,winter,chickpea
black,18.54988627,76.32565249,winter,chickpea
loamy,18.19903647,80.6405403,winter,chickpea
black,18.88852533,80.1113384,winter,chickpea
sandy,18.49311205,91.94595352,winter,chickpea
sandy,19.48974337,87.51312796,winter,chickpea
black,17.25769499,94.00287214,winter,chickpea
loamy,19.62416326,88.4585692,winter,chickpea
loamy,20.67526473,84.78344008,winter,chickpea
sandy,20.02381489,68.97806542,winter,chickpea
sandy,20.1187446,88.68168643,winter,chickpea
sandy,20.65691793,65.23811143,winter,chickpea
sandy,19.2582557,65.78042032,winter,chickpea
sandy,17.927806,74.63872762,winter,chickpea
loamy,19.16288268,82.69766829,winter,chickpea
black,20.26942271,69.64449182,winter,chickpea
loamy,17.09104223,87.27444866,winter,chickpea
sandy,17.06579293,70.87150577,winter,chickpea
clay,20.62767492,92.06630306,winter,chickpea
sandy,20.8248451,79.20509212,winter,chickpea
clay,19.46210401,68.81405149,winter,chickpea
loamy,17.18248372,72.85017344,winter,chickpea
loamy,17.48911699,79.45758333,winter,chickpea
black,17.48395377,65.11365631,winter,chickpea
black,19.48316794,80.4986291,winter,chickpea
black,19.71359733,73.64476535,winter,chickpea
clay,19.48649305,81.5284269,winter,chickpea
sandy,19.95264829,88.6810311,winter,chickpea
sandy,19.41789736,68.4951189,winter,chickpea
sandy,19.45591848,78.44910564,winter,chickpea
sandy,20.19137759,77.33795356,winter,chickpea
clay,18.8392908,94.78189594,winter,chickpea
sandy,20.71219282,94.03659867,winter,chickpea
loamy,18.99424448,78.69707199,winter,chickpea
loamy,19.96837462,69.15759062,winter,chickpea
clay,17.81564548,90.82097601,winter,chickpea
loamy,20.71424384,76.77888672,winter,chickpea
sandy,17.34150229,67.9545435,winter,chickpea
sandy,17.43732714,73.0926704,winter,chickpea
loamy,18.89780215,69.09512477,winter,chickpea
loamy,18.59190771,89.60982451,winter,chickpea
black,18.31561493,81.78710463,winter,chickpea
loamy,17.13692774,128.256862,summer,kidneybeans
clay,19.63474332,106.3598183,summer,kidneybeans
loamy,22.91350245,109.225556,summer,kidneybeans
black,16.43340342,140.3717815,summer,kidneybeans
sandy,22.13974653,76.64128258,winter,kidneybeans
sandy,17.84806561,143.098417099999,summer,kidneybeans
sandy,19.88394011,60.91974792,winter,kidneybeans
sandy,19.32509638,104.7783947,summer,kidneybeans
black,18.4167001,132.9801054,summer,kidneybeans
black,21.81167649,130.0608093,summer,kidneybeans
clay,19.72702528,143.7630894,summer,kidneybeans
black,17.15432954,87.99669731,winter,kidneybeans
sandy,19.62207826,144.1567454,summer,kidneybeans
sandy,21.63149148,134.3649948,summer,kidneybeans
loamy,16.06522754,88.06638775,winter,kidneybeans
black,20.61162204,69.63833855,winter,kidneybeans
loamy,21.42451099,116.5206923,summer,kidneybeans
sandy,19.07096165,86.21917578,winter,kidneybeans
black,21.18853178,137.1948633,summer,kidneybeans
sandy,23.0429097,108.3684316,summer,kidneybeans
sandy,20.65375833,67.71768947,winter,kidneybeans
sandy,18.09551014,144.7902323,summer,kidneybeans
loamy,18.23775702,69.44951585,winter,kidneybeans
sandy,17.48189735,121.9401369,summer,kidneybeans
loamy,19.9191786,82.68554379,winter,kidneybeans
black,20.27514686,139.7521543,summer,kidneybeans
sandy,15.77370214,108.3441414,summer,kidneybeans
clay,16.71170642,96.77285817,winter,kidneybeans
sandy,17.66148158,100.6711761,summer,kidneybeans
loamy,18.50692825,87.0513289,winter,kidneybeans
black,24.51324787,64.19497947,winter,kidneybeans
black,18.87614998,105.4120514,summer,kidneybeans
loamy,21.59343016,61.13872036,winter,kidneybeans
sandy,20.12373284,106.158201,summer,kidneybeans
loamy,15.43546065,139.0302034,summer,kidneybeans
clay,22.64236876,122.3886015,summer,kidneybeans
loamy,21.98560799,129.5650601,summer,kidneybeans
loamy,20.53052663,120.4509288,summer,kidneybeans
clay,15.78601387,95.17028129,winter,kidneybeans
black,19.6365349,96.65888933,winter,kidneybeans
black,20.57341244,87.87869161,winter,kidneybeans
loamy,20.16080524,138.2362122,summer,kidneybeans
black,21.53989176,120.6913038,summer,kidneybeans
loamy,15.53834801,107.3850593,summer,kidneybeans
sandy,19.91853092,108.6434544,summer,kidneybeans
sandy,20.76952209,109.0193712,summer,kidneybeans
clay,23.46168338,95.84253438,winter,kidneybeans
black,24.32116642,60.27552528,winter,kidneybeans
sandy,20.12574053,100.0497183,summer,kidneybeans
sandy,21.80619564,125.0972687,summer,kidneybeans
loamy,19.52226241,113.334026,summer,kidneybeans
clay,17.00067625,103.2926407,summer,kidneybeans
loamy,16.78791503,75.45328039,winter,kidneybeans
sandy,24.84906168,62.21292186,winter,kidneybeans
black,16.51783455,98.77794225,winter,kidneybeans
black,18.15300153,107.6907964,summer,kidneybeans
clay,23.18864385,63.38208822,winter,kidneybeans
sandy,23.38002569,87.66898664,winter,kidneybeans
clay,18.358923,138.414764,summer,kidneybeans
clay,19.25975367,94.9533526,winter,kidneybeans
clay,22.95458237,107.7315386,summer,kidneybeans
sandy,20.120043,104.6252153,summer,kidneybeans
black,21.14011423,141.6056722,summer,kidneybeans
sandy,24.92360104,62.7089169,winter,kidneybeans
black,15.33042636,135.3315583,summer,kidneybeans
sandy,18.81097271,125.084915,summer,kidneybeans
loamy,23.44260668,107.4137246,summer,kidneybeans
sandy,22.8352024,63.59276673,winter,kidneybeans
loamy,24.9035819,146.4727237,summer,kidneybeans
sandy,23.78709569,119.6404412,summer,kidneybeans
loamy,22.05592283,126.7265372,summer,kidneybeans
black,18.87492997,134.1811718,summer,kidneybeans
loamy,18.62328774,135.3378033,summer,kidneybeans
clay,23.00884744,100.118612,summer,kidneybeans
loamy,19.33162606,68.51253427,winter,kidneybeans
black,16.24469193,66.97053257,winter,kidneybeans
black,17.91652287,69.14681022,winter,kidneybeans
sandy,15.46789263,88.88796102,winter,kidneybeans
black,17.06104474,81.83420522,winter,kidneybeans
black,21.32776028,109.1013261,summer,kidneybeans
black,23.90910104,81.60211243,winter,kidneybeans
black,23.89756791,112.6616435,summer,kidneybeans
sandy,22.98666928,143.8584938,summer,kidneybeans
black,21.35135729,146.4548645,summer,kidneybeans
sandy,24.1638445,116.7324324,summer,kidneybeans
clay,24.62835037,149.7441028,summer,kidneybeans
loamy,21.02213209,124.6118471,summer,kidneybeans
clay,17.30844532,115.199245,summer,kidneybeans
clay,23.82576704,84.64143632,winter,kidneybeans
clay,19.30607278,129.3449326,summer,kidneybeans
sandy,16.03768615,130.3900798,summer,kidneybeans
clay,19.18572809,80.15293435,winter,kidneybeans
black,19.92889503,64.02640797,winter,kidneybeans
sandy,19.56376468,139.2921004,summer,kidneybeans
black,18.31357543,76.14153904,winter,kidneybeans
sandy,20.10993761,73.36386477,winter,kidneybeans
black,23.60506572,100.5978728,summer,kidneybeans
black,19.73136909,84.06354115,winter,kidneybeans
loamy,20.93409877,133.1914419,summer,kidneybeans
black,18.78226261,104.2570723,summer,kidneybeans
clay,36.51268371,122.6539694,summer,pigeonpeas
sandy,36.89163721,163.7266551,summer,pigeonpeas
clay,29.23540524,103.3301803,summer,pigeonpeas
sandy,27.33534897,142.330367699999,summer,pigeonpeas
sandy,21.0643684,184.6226709,summer,pigeonpeas
black,30.33276599,149.299952,summer,pigeonpeas
black,31.80130272,147.036144199999,summer,pigeonpeas
loamy,33.18184225,198.8298806,summer,pigeonpeas
loamy,29.38538562,90.05422663,winter,pigeonpeas
clay,30.27374995,127.7767134,summer,pigeonpeas
black,35.45790488,108.6333046,summer,pigeonpeas
black,33.80020039,176.6165894,summer,pigeonpeas
black,28.69180475,96.36222901,winter,pigeonpeas
sandy,31.24021696,122.0146733,summer,pigeonpeas
loamy,28.98039357,120.7435664,summer,pigeonpeas
loamy,27.32198928,96.51524028,winter,pigeonpeas
clay,21.47607807,180.382234,summer,pigeonpeas
clay,18.31910448,107.4721605,summer,pigeonpeas
sandy,36.97794384,161.4812963,summer,pigeonpeas
black,24.80467592,121.5639121,summer,pigeonpeas
clay,19.3479443,194.5921148,summer,pigeonpeas
black,28.88302142,179.2155874,summer,pigeonpeas
black,19.54314136,192.4372194,summer,pigeonpeas
black,24.7741949,114.2821387,summer,pigeonpeas
loamy,18.33124824,139.648331699999,summer,pigeonpeas
sandy,19.14729038,132.7748215,summer,pigeonpeas
loamy,28.23416057,186.5008581,summer,pigeonpeas
sandy,30.11812084,157.0858232,summer,pigeonpeas
sandy,33.4126864,139.6702541,summer,pigeonpeas
sandy,24.18553163,177.3377996,summer,pigeonpeas
sandy,26.88630675,94.46748008,winter,pigeonpeas
black,31.33170829,161.7820226,summer,pigeonpeas
sandy,33.30711818,108.5090168,summer,pigeonpeas
sandy,23.45379018,150.871220199999,summer,pigeonpeas
loamy,34.53823889,168.5948318,summer,pigeonpeas
loamy,19.50112224,197.3752649,summer,pigeonpeas
sandy,28.76794904,91.72084869,winter,pigeonpeas
sandy,30.97758716,180.716828,summer,pigeonpeas
sandy,18.39759147,93.12330644,winter,pigeonpeas
black,35.09357419,116.9106908,summer,pigeonpeas
sandy,34.93174223,159.2649827,summer,pigeonpeas
black,29.50523036,187.8961851,summer,pigeonpeas
clay,34.51934775,129.0064612,summer,pigeonpeas
black,28.43430726,147.0414824,summer,pigeonpeas
loamy,18.41645629,163.2747473,summer,pigeonpeas
sandy,31.07508973,91.31256412,winter,pigeonpeas
loamy,20.89342749,195.5697875,summer,pigeonpeas
sandy,30.90607799,170.9919828,summer,pigeonpeas
loamy,27.9348279,145.3728801,summer,pigeonpeas
sandy,35.95176642,136.0456753,summer,pigeonpeas
black,19.54317155,173.1686574,summer,pigeonpeas
sandy,19.63736208,176.4134092,summer,pigeonpeas
loamy,31.2192752,129.202865299999,summer,pigeonpeas
black,33.50876355,126.6738117,summer,pigeonpeas
clay,24.80710166,188.4928637,summer,pigeonpeas
sandy,36.20970524,191.0658531,summer,pigeonpeas
sandy,30.50420876,162.5927723,summer,pigeonpeas
sandy,26.01630259,160.333744699999,summer,pigeonpeas
sandy,31.48469278,100.546816,summer,pigeonpeas
loamy,33.15122581,105.038027499999,summer,pigeonpeas
sandy,23.50222822,192.3023991,summer,pigeonpeas
sandy,34.87248659,148.250278599999,summer,pigeonpeas
clay,28.09269012,197.1144011,summer,pigeonpeas
sandy,24.54757829,118.3606557,summer,pigeonpeas
clay,33.64769646,100.4673278,summer,pigeonpeas
loamy,20.5591255,191.0895109,summer,pigeonpeas
clay,19.95991719,195.787103,summer,pigeonpeas
sandy,28.87667593,182.2688175,summer,pigeonpeas
loamy,36.04353699,159.8938645,summer,pigeonpeas
black,23.6734328,141.125072199999,summer,pigeonpeas
black,25.74679443,100.7791633,summer,pigeonpeas
loamy,31.08564994,175.9303271,summer,pigeonpeas
clay,18.72987676,139.8710041,summer,pigeonpeas
clay,29.50304807,189.5208915,summer,pigeonpeas
sandy,20.43517772,137.227966199999,summer,pigeonpeas
clay,36.00415838,134.8596466,summer,pigeonpeas
black,31.46846241,174.5723999,summer,pigeonpeas
loamy,36.30049702,101.6073988,summer,pigeonpeas
loamy,29.49096726,153.2504506,summer,pigeonpeas
loamy,30.5753044,177.5764304,summer,pigeonpeas
sandy,24.69487673,91.95792434,winter,pigeonpeas
loamy,23.17409556,162.5931264,summer,pigeonpeas
sandy,19.04380471,155.3705624,summer,pigeonpeas
sandy,29.32379604,165.4113371,summer,pigeonpeas
loamy,34.6455408,180.9009998,summer,pigeonpeas
clay,21.9989826,136.827431199999,summer,pigeonpeas
sandy,22.99774444,159.689339,summer,pigeonpeas
sandy,30.55992394,178.8998611,summer,pigeonpeas
black,31.46417866,165.405354,summer,pigeonpeas
clay,25.95058595,109.1821183,summer,pigeonpeas
black,21.01142393,185.2039114,summer,pigeonpeas
loamy,19.25100056,149.063196,summer,pigeonpeas
black,19.24462755,180.6465282,summer,pigeonpeas
loamy,22.47253208,96.74706956,winter,pigeonpeas
sandy,36.75087487,124.6028153,summer,pigeonpeas
clay,29.89286629,198.1403003,summer,pigeonpeas
loamy,29.37735586,172.40168,summer,pigeonpeas
clay,29.65052947,186.9226052,summer,pigeonpeas
black,19.54284889,173.110698199999,summer,pigeonpeas
clay,20.04611791,122.4564203,summer,pigeonpeas
clay,27.91095209,32.67891866,winter,mothbeans
black,27.32220619,36.5037914,winter,mothbeans
black,28.66024187,36.92629678,winter,mothbeans
loamy,29.02955344,72.98016599,winter,mothbeans
black,27.78031515,32.05025323,winter,mothbeans
sandy,31.99928579,71.6266696,winter,mothbeans
sandy,27.33580911,73.44775287,winter,mothbeans
black,28.92952635,66.35634104,winter,mothbeans
sandy,27.65472156,36.94255012,winter,mothbeans
loamy,28.52396666,61.32935611,winter,mothbeans
sandy,31.02215872,53.56783314,winter,mothbeans
sandy,25.74095321,67.43488235,winter,mothbeans
black,31.70447482,44.94317432,winter,mothbeans
loamy,24.47876451,34.96933295,winter,mothbeans
loamy,31.46511256,74.44330654,winter,mothbeans
clay,25.60973447,53.39249517,winter,mothbeans
loamy,30.30260453,68.04039813,winter,mothbeans
black,28.17489437,45.78172762,winter,mothbeans
clay,25.50634557,74.32635105,winter,mothbeans
black,31.12896766,32.76742894,winter,mothbeans
black,26.34043268,35.1051197,winter,mothbeans
black,28.23494706,72.66666443,winter,mothbeans
clay,27.04453473,48.25207759,winter,mothbeans
black,25.16125354,40.89732789,winter,mothbeans
black,27.3179125,32.55919573,winter,mothbeans
loamy,25.4123765,31.87416982,winter,mothbeans
clay,31.21629982,53.1205277,winter,mothbeans
clay,30.573999,62.74803826,winter,mothbeans
sandy,25.42517036,46.19374559,winter,mothbeans
black,27.09400578,41.53749535,winter,mothbeans
black,24.30935081,58.99536268,winter,mothbeans
clay,30.06142622,41.0550915,winter,mothbeans
black,28.09568993,33.84110759,winter,mothbeans
sandy,26.33908791,55.50429227,winter,mothbeans
black,28.61409059,57.02891698,winter,mothbeans
black,28.70012137,44.11622138,winter,mothbeans
black,24.21610338,42.24783476,winter,mothbeans
clay,28.50677929,66.1761456,winter,mothbeans
sandy,25.97948991,72.19245835,winter,mothbeans
loamy,30.88482722,55.053805,winter,mothbeans
black,25.5042419,65.07981523,winter,mothbeans
black,25.12528913,38.48678973,winter,mothbeans
black,27.10508014,62.20279647,winter,mothbeans
black,31.1006247,70.79934452,winter,mothbeans
black,26.45707778,64.16167699,winter,mothbeans
black,30.04132304,31.83192392,winter,mothbeans
loamy,27.77799528,50.28438729,winter,mothbeans
clay,30.99256944,58.27600682,winter,mothbeans
sandy,26.4908332,36.99362831,winter,mothbeans
sandy,31.96987867,64.25520357,winter,mothbeans
clay,25.36140526,55.60523179,winter,mothbeans
sandy,25.54249137,48.46797044,winter,mothbeans
loamy,28.99319096,70.4713043,winter,mothbeans
black,29.34317422,34.03335472,winter,mothbeans
black,28.63618921,68.54877876,winter,mothbeans
black,24.83206631,52.0810886,winter,mothbeans
clay,25.44689075,57.04826619,winter,mothbeans
sandy,31.01274943,63.77192383,winter,mothbeans
loamy,27.06179658,60.74583498,winter,mothbeans
clay,27.0956288,71.1271039,winter,mothbeans
sandy,28.56800579,64.53027638,winter,mothbeans
loamy,28.79929247,40.85534718,winter,mothbeans
sandy,27.94293692,69.66289997,winter,mothbeans
loamy,30.47757686,61.86633917,winter,mothbeans
loamy,30.58139475,64.58559639,winter,mothbeans
clay,26.85911286,44.13827124,winter,mothbeans
loamy,26.31051759,35.73403813,winter,mothbeans
sandy,28.77833449,33.95825723,winter,mothbeans
black,28.90245417,71.90018566,winter,mothbeans
sandy,29.37687468,38.34303462,winter,mothbeans
black,24.17093241,59.18953429,winter,mothbeans
black,26.65333029,36.91852635,winter,mothbeans
clay,28.19912143,52.13580529,winter,mothbeans
black,28.76488954,55.21606732,winter,mothbeans
loamy,29.3499706,40.82840673,winter,mothbeans
clay,28.00937423,36.01203025,winter,mothbeans
sandy,26.85851927,34.7426459,winter,mothbeans
black,31.2123945,53.78769958,winter,mothbeans
loamy,24.20422636,46.0203959,winter,mothbeans
clay,29.98835437,52.92929636,winter,mothbeans
clay,29.93964907,45.43669946,winter,mothbeans
sandy,31.2119298,68.80141783,winter,mothbeans
clay,26.80474415,43.87801983,winter,mothbeans
clay,31.49398069,64.56807592,winter,mothbeans
clay,30.99694676,38.31597852,winter,mothbeans
loamy,29.61253065,50.1978269,winter,mothbeans
sandy,29.97604322,44.86052932,winter,mothbeans
sandy,30.88883074,55.51932414,winter,mothbeans
clay,30.39321309,35.37493212,winter,mothbeans
loamy,30.43683729,30.92014047,winter,mothbeans
clay,25.32688786,32.71129281,winter,mothbeans
sandy,30.53684308,33.48919022,winter,mothbeans
clay,30.38257873,47.95406479,winter,mothbeans
black,24.01825377,35.03404425,winter,mothbeans
loamy,28.69841277,65.67591794,winter,mothbeans
clay,29.33743412,42.44054315,winter,mothbeans
loamy,27.96583691,70.10472076,winter,mothbeans
loamy,24.86803974,63.9187654,winter,mothbeans
loamy,25.87682261,38.53254678,winter,mothbeans
sandy,31.01963639,32.81296548,winter,mothbeans
loamy,27.43329405,54.73367631,winter,mungbean
sandy,28.3340432,38.7976407,winter,mungbean
black,27.01470397,55.296354,winter,mungbean
sandy,28.17432665,36.35720652,winter,mungbean
black,29.87888063,44.75215854,winter,mungbean
clay,29.89232778,42.99498978,winter,mungbean
sandy,28.56212158,56.48265193,winter,mungbean
clay,27.53592929,53.01899249,winter,mungbean
sandy,29.68361658,41.82490236,winter,mungbean
clay,28.14448546,46.75690086,winter,mungbean
loamy,29.53037621,59.87232071,winter,mungbean
loamy,27.88352946,44.64407105,winter,mungbean
black,28.22471276,44.01206619,winter,mungbean
sandy,29.008124,45.91011391,winter,mungbean
clay,29.75538903,37.54602719,winter,mungbean
black,29.78416743,40.77872823,winter,mungbean
clay,27.8640132,42.83053902,winter,mungbean
loamy,27.11026483,51.52617423,winter,mungbean
loamy,27.11030369,49.11964582,winter,mungbean
sandy,28.95451232,57.65901369,winter,mungbean
black,29.21780035,43.1386631,winter,mungbean
loamy,28.7420098,48.54598575,winter,mungbean
loamy,29.65021184,56.76278363,winter,mungbean
black,27.23924995,37.31236904,winter,mungbean
loamy,28.95172351,56.51103293,winter,mungbean
loamy,28.18837136,37.01110438,winter,mungbean
sandy,28.30041493,50.47333854,winter,mungbean
sandy,27.89636126,57.79863368,winter,mungbean
black,28.6899851,44.56598352,winter,mungbean
clay,27.8262623,56.68833819,winter,mungbean
loamy,28.70562673,59.87065439,winter,mungbean
black,28.6362812,48.48319335,winter,mungbean
loamy,28.28511547,48.56690235,winter,mungbean
black,27.60887393,43.80041104,winter,mungbean
clay,28.60901145,36.94616965,winter,mungbean
clay,29.24598976,53.43228915,winter,mungbean
black,28.62911222,50.49913241,winter,mungbean
sandy,29.57329479,45.04467075,winter,mungbean
clay,27.82684262,58.37249772,winter,mungbean
black,29.8757015,40.12044158,winter,mungbean
clay,27.33684386,51.09802625,winter,mungbean
loamy,29.83040388,58.86687093,winter,mungbean
black,28.2753171,56.04995423,winter,mungbean
sandy,29.86860065,58.41394143,winter,mungbean
clay,29.5888162,54.96121262,winter,mungbean
loamy,28.07219563,49.61865305,winter,mungbean
loamy,27.84026517,52.84626009,winter,mungbean
clay,27.10818093,55.03723979,winter,mungbean
black,27.68515114,54.62243308,winter,mungbean
black,29.34594634,59.03629954,winter,mungbean
sandy,28.36319404,52.93031105,winter,mungbean
black,27.65280218,56.52558045,winter,mungbean
clay,27.31372793,53.15223123,winter,mungbean
clay,27.06909959,50.46746116,winter,mungbean
loamy,28.06642822,39.23831035,winter,mungbean
black,27.73329078,44.17580911,winter,mungbean
sandy,27.53632932,45.48591922,winter,mungbean
clay,29.66461594,56.09542002,winter,mungbean
black,29.9145443,41.39081525,winter,mungbean
clay,28.36363858,57.99524359,winter,mungbean
clay,29.46416042,43.15411472,winter,mungbean
sandy,29.73013036,50.91511275,winter,mungbean
clay,27.46852989,43.78420984,winter,mungbean
black,27.77076285,49.50812624,winter,mungbean
sandy,29.12939524,36.45012824,winter,mungbean
sandy,27.10606808,37.45680611,winter,mungbean
black,28.88078945,53.79732545,winter,mungbean
loamy,28.14720892,37.44800463,winter,mungbean
sandy,29.89129144,54.7960127,winter,mungbean
black,27.41503453,40.53173216,winter,mungbean
clay,29.27308605,50.9246554,winter,mungbean
sandy,29.65296893,56.01913159,winter,mungbean
black,28.44524991,58.18713162,winter,mungbean
loamy,27.96235681,48.9366954,winter,mungbean
clay,29.25649321,42.02483277,winter,mungbean
sandy,28.36291385,43.05130077,winter,mungbean
clay,27.62749466,39.26137642,winter,mungbean
loamy,28.66086349,50.01534317,winter,mungbean
black,29.2114218,51.53848218,winter,mungbean
clay,29.40889385,53.35486977,winter,mungbean
black,28.02952623,36.12042927,winter,mungbean
black,28.08657178,38.14476781,winter,mungbean
clay,29.16174608,40.16545979,winter,mungbean
sandy,29.8596912,50.66487502,winter,mungbean
loamy,29.06631494,43.95183726,winter,mungbean
sandy,27.38538997,58.29933073,winter,mungbean
clay,27.93034941,43.25095608,winter,mungbean
sandy,29.2808618,44.47427436,winter,mungbean
black,28.9973145,59.84499208,winter,mungbean
sandy,27.92678579,43.4826194,winter,mungbean
clay,28.5474135,49.4897245,winter,mungbean
loamy,29.36488409,48.30159325,winter,mungbean
sandy,28.56149805,41.013132,winter,mungbean
sandy,28.43683487,43.12063289,winter,mungbean
loamy,28.79728147,44.30070517,winter,mungbean
loamy,28.7275267,58.52974279,winter,mungbean
clay,27.95639663,43.25726752,winter,mungbean
sandy,28.17458662,37.2464655,winter,mungbean
black,28.77653519,56.12443206,winter,mungbean
sandy,28.438097,52.55469976,winter,mungbean
loamy,29.48439992,71.89090748,winter,blackgram
sandy,26.73433965,67.15096376,winter,blackgram
loamy,26.27274407,70.23207557,winter,blackgram
loamy,34.03679184,73.23573601,winter,blackgram
clay,28.03644051,72.49507741,winter,blackgram
clay,28.81460716,62.26242533,winter,blackgram
sandy,34.03619494,66.85510868,winter,blackgram
black,33.8642935,68.02199825,winter,blackgram
sandy,32.84213012,73.67166182,winter,blackgram
black,27.10053268,73.84949872,winter,blackgram
black,25.65842532,69.28607828,winter,blackgram
sandy,32.34744009,64.55882254,winter,blackgram
sandy,29.58949031,67.53021213,winter,blackgram
loamy,30.91219459,66.63830637,winter,blackgram
loamy,28.12787838,70.86340755,winter,blackgram
sandy,30.08545364,67.1367443,winter,blackgram
loamy,31.74379487,68.97097538,winter,blackgram
black,27.81326852,69.75555541,winter,blackgram
sandy,32.88733849,71.50569456,winter,blackgram
sandy,29.36358721,61.91208707,winter,blackgram
black,27.82592799,74.01229707,winter,blackgram
loamy,28.49538735,74.91559514,winter,blackgram
clay,27.74274761,71.78615328,winter,blackgram
black,30.41588462,63.02473185,winter,blackgram
black,27.3254209,61.19250859,winter,blackgram
black,30.28496619,65.62859526,winter,blackgram
sandy,28.56840626,63.49726331,winter,blackgram
loamy,25.36586097,65.81655892,winter,blackgram
sandy,34.9466155,70.1415139,winter,blackgram
clay,25.09737391,74.61649888,winter,blackgram
loamy,32.47648301,65.8204569999999,winter,blackgram
loamy,33.86351172,69.24464096,winter,blackgram
clay,25.19857725,70.88787207,winter,blackgram
sandy,31.77681682,61.46892873,winter,blackgram
black,34.89814946,64.72797143,winter,blackgram
sandy,31.74105409,62.3061735,winter,blackgram
sandy,27.16159076,69.85112265,winter,blackgram
loamy,26.23773129,73.58663968,winter,blackgram
clay,30.20157245,66.37171179,winter,blackgram
clay,31.55846339,74.86960831,winter,blackgram
black,29.67892453,65.66436565,winter,blackgram
loamy,27.05365239,60.4693835,winter,blackgram
sandy,34.63880966,72.43169115,winter,blackgram
clay,33.39438752,63.57445989,winter,blackgram
sandy,28.84079155,70.25496749,winter,blackgram
clay,31.49338309,71.48327008,winter,blackgram
black,25.54960633,63.1830529,winter,blackgram
clay,34.37329112,70.27184748,winter,blackgram
loamy,34.6008247,60.41790253,winter,blackgram
clay,29.43463808,72.17818157,winter,blackgram
sandy,29.10713092,67.83345933,winter,blackgram
sandy,28.57006111,70.0866434,winter,blackgram
sandy,27.54384835,69.40878198,winter,blackgram
clay,33.04687968,62.30278274,winter,blackgram
sandy,33.95309131,61.16350463,winter,blackgram
loamy,30.11873003,71.72980375,winter,blackgram
loamy,29.57812712,69.43895491,winter,blackgram
sandy,27.26458947,68.91754359,winter,blackgram
clay,31.35730791,63.85668948,winter,blackgram
clay,31.52104732,61.71111448,winter,blackgram
loamy,29.39982732,67.47677295,winter,blackgram
loamy,29.38400259,65.24194361,winter,blackgram
sandy,28.38686534,74.24459122,winter,blackgram
clay,28.47442276,69.5274407,winter,blackgram
black,30.64095781,71.36947525,winter,blackgram
loamy,25.25596239,68.64685069,winter,blackgram
sandy,32.97030511,73.44678678,winter,blackgram
clay,33.66855394,67.32520551,winter,blackgram
black,32.83963757,73.40452716,winter,blackgram
black,27.45853567,69.46020927,winter,blackgram
loamy,25.68576704,74.62068748,winter,blackgram
clay,30.0328403,71.21006868,winter,blackgram
clay,28.20667264,64.32887142,winter,blackgram
black,28.27265858,63.29900785,winter,blackgram
sandy,28.5417236,69.68862306,winter,blackgram
loamy,26.87187036,63.51822045,winter,blackgram
black,32.79766751,64.11411069,winter,blackgram
loamy,26.42333018,63.46546487,winter,blackgram
sandy,29.79181107,63.02169909,winter,blackgram
clay,27.44003279,72.50669768,winter,blackgram
black,34.1262979,70.40795007,winter,blackgram
black,30.94908189,62.78730907,winter,blackgram
sandy,28.75751783,73.37686831,winter,blackgram
loamy,27.24766491,62.31842057,winter,blackgram
loamy,28.63005477,62.2737345,winter,blackgram
black,26.41768321,64.42177127,winter,blackgram
clay,32.81705216,68.83924882,winter,blackgram
loamy,29.6321052,71.16331975,winter,blackgram
sandy,33.49077065,65.45328463,winter,blackgram
sandy,31.86847286,74.22238583,winter,blackgram
clay,30.32992227,71.64631281,winter,blackgram
clay,28.546224,62.83469851,winter,blackgram
black,30.02629908,66.47264636,winter,blackgram
sandy,31.65531175,66.69096751,winter,blackgram
sandy,30.33499674,74.16699119,winter,blackgram
clay,33.36984395,64.89517488,winter,blackgram
sandy,31.4345059,64.77651469,winter,blackgram
loamy,27.71678273,68.56507978,winter,blackgram
loamy,32.63918668,61.83876146,winter,blackgram
black,32.7477393,63.37784443,winter,blackgram
sandy,28.05153602,43.35795377,winter,lentil
clay,19.44084326,46.83130119,winter,lentil
sandy,29.84823072,46.80452595,winter,lentil
sandy,21.36383757,46.6352865,winter,lentil
clay,26.28663931,46.13833007,winter,lentil
sandy,22.17499963,53.46622584,winter,lentil
clay,26.57597546,50.89110726,winter,lentil
sandy,26.58972517,50.90994463,winter,lentil
clay,19.1345771,36.46946971,winter,lentil
loamy,28.75273118,35.15426171,winter,lentil
loamy,25.78746268,49.14337177,winter,lentil
black,23.89271875,52.55730112,winter,lentil
sandy,28.67408774,42.96018627,winter,lentil
black,28.42062847,49.02366803,winter,lentil
loamy,21.35499456,41.78219834,winter,lentil
loamy,21.12695586,38.71834464,winter,lentil
clay,24.02037872,49.78102578,winter,lentil
clay,25.40474421,51.92057267,winter,lentil
loamy,29.03017561,54.9393771,winter,lentil
sandy,20.21368219,50.89732989,winter,lentil
sandy,29.19585548,44.93261911,winter,lentil
sandy,18.29783597,49.39111479,winter,lentil
loamy,27.41434987,44.43177543,winter,lentil
clay,24.84063998,48.77790371,winter,lentil
sandy,29.94413861,40.37113729,winter,lentil
loamy,25.87990287,47.89645224,winter,lentil
loamy,20.0467711,46.05333124,winter,lentil
clay,22.99451999,54.49044154,winter,lentil
loamy,25.13163619,49.04015558,winter,lentil
sandy,28.49584395,53.14531023,winter,lentil
black,18.28766124,48.60449438,winter,lentil
clay,24.38041875,53.13946695,winter,lentil
loamy,21.31852148,45.42616802,winter,lentil
black,18.54141834,44.07819743,winter,lentil
loamy,25.28710601,49.37369982,winter,lentil
sandy,25.43459777,41.02682925,winter,lentil
clay,28.83600962,44.08562546,winter,lentil
loamy,27.37659643,49.47371773,winter,lentil
sandy,28.31886863,45.36521251,winter,lentil
black,27.4818649,37.81123974,winter,lentil
loamy,18.28072173,48.80253285,winter,lentil
sandy,27.61204997,42.72374404,winter,lentil
clay,23.43974653,45.40277297,winter,lentil
black,20.95628486,52.39881209,winter,lentil
clay,23.7937153,49.73922097,winter,lentil
loamy,22.6371424,38.30411077,winter,lentil
sandy,21.53577883,35.75107592,winter,lentil
loamy,29.87854588,44.95654782,winter,lentil
sandy,25.2653291,48.33941188,winter,lentil
sandy,25.17885316,35.03484812,winter,lentil
loamy,24.12192608,44.23629285,winter,lentil
loamy,23.33565221,36.18678721,winter,lentil
sandy,21.74600081,50.43306085,winter,lentil
sandy,27.60195453,54.37814199,winter,lentil
clay,24.388717,47.26052494,winter,lentil
loamy,24.98287462,38.21370568,winter,lentil
clay,28.234829,35.36831423,winter,lentil
clay,26.03026959,37.11395801,winter,lentil
clay,28.04849594,37.15824966,winter,lentil
sandy,24.87425505,48.28137482,winter,lentil
clay,23.97081395,53.40906048,winter,lentil
sandy,20.06003985,42.89509057,winter,lentil
loamy,19.59221047,41.7704893,winter,lentil
black,29.77013109,35.69674138,winter,lentil
black,27.52135365,48.06491307,winter,lentil
sandy,25.62896213,45.49683991,winter,lentil
black,20.39078312,53.31508572,winter,lentil
sandy,25.39038396,39.18374505,winter,lentil
black,24.91079638,42.19740397,winter,lentil
loamy,27.70496805,37.46160727,winter,lentil
sandy,18.06486101,51.54922825,winter,lentil
clay,18.13027797,50.6128521,winter,lentil
black,23.82723528,46.90725077,winter,lentil
clay,23.19305333,49.55213308,winter,lentil
sandy,25.08966129,41.45486619,winter,lentil
black,25.86928193,36.68284038,winter,lentil
black,18.43966037,39.00992137,winter,lentil
loamy,27.14911056,52.50812701,winter,lentil
sandy,23.33375853,47.01510708,winter,lentil
black,26.7230014,42.87274897,winter,lentil
clay,19.55750776,53.04669416,winter,lentil
black,26.13708256,46.48280681,winter,lentil
black,27.99990346,49.94043064,winter,lentil
sandy,29.05941162,36.5011366,winter,lentil
sandy,25.71269843,50.17067771,winter,lentil
sandy,21.79792649,46.62370222,winter,lentil
loamy,24.70626432,53.12442925,winter,lentil
loamy,20.94981756,44.23913012,winter,lentil
sandy,24.84918386,41.61080544,winter,lentil
black,21.91041045,36.10211371,winter,lentil
black,25.93381964,51.02372773,winter,lentil
black,29.82112112,51.56461082,winter,lentil
black,27.52185591,45.20841071,winter,lentil
clay,27.99627907,46.10585191,winter,lentil
loamy,20.76774783,47.9271552,winter,lentil
sandy,23.05276444,52.60285259,winter,lentil
loamy,21.65845777,38.07659414,winter,lentil
sandy,26.25070298,40.8106299,winter,lentil
sandy,20.97195263,53.10207889,winter,lentil
clay,23.89736406,40.74536757,winter,lentil
loamy,24.55981624,111.9684622,summer,pomegranate
loamy,19.65690085,108.0458926,summer,pomegranate
sandy,18.78359608,102.5184759,summer,pomegranate
sandy,24.1469628,110.2316633,summer,pomegranate
black,22.44581266,109.3905998,summer,pomegranate
loamy,24.96273236,109.4169192,summer,pomegranate
sandy,22.5526059,104.8955643,summer,pomegranate
sandy,22.77035608,106.9659201,summer,pomegranate
black,19.20090378,108.0423555,summer,pomegranate
loamy,23.12808226,109.3930157,summer,pomegranate
clay,24.92639065,104.7693804,summer,pomegranate
clay,24.77464458,105.7595811,summer,pomegranate
loamy,19.8671184,108.3168858,summer,pomegranate
sandy,24.26601316,104.5375109,summer,pomegranate
clay,23.62600218,107.6836871,summer,pomegranate
loamy,19.67832052,108.5468633,summer,pomegranate
loamy,22.36509395,104.8216333,summer,pomegranate
loamy,21.57936934,102.8593382,summer,pomegranate
black,18.26233221,108.0756727,summer,pomegranate
black,23.71028128,105.6499907,summer,pomegranate
sandy,22.48720144,111.6631582,summer,pomegranate
sandy,21.6602498,112.4349689,summer,pomegranate
loamy,20.13037175,107.3416913,summer,pomegranate
black,18.41164435,105.1834976,summer,pomegranate
clay,19.68291173,111.2818551,summer,pomegranate
sandy,23.20242586,109.0946323,summer,pomegranate
loamy,18.92157197,102.8013275,summer,pomegranate
loamy,22.10621387,106.8704803,summer,pomegranate
loamy,18.47412402,108.4758509,summer,pomegranate
loamy,19.81069447,102.860084,summer,pomegranate
clay,24.4880844,103.1969341,summer,pomegranate
sandy,18.75927679,111.0196744,summer,pomegranate
clay,19.54128063,104.3739878,summer,pomegranate
sandy,18.91251245,111.280051599999,summer,pomegranate
clay,19.91330523,104.0277061,summer,pomegranate
loamy,19.72620525,108.228727599999,summer,pomegranate
sandy,23.83185873,111.2232716,summer,pomegranate
black,24.94467632,103.8799347,summer,pomegranate
sandy,24.692258,104.6735454,summer,pomegranate
clay,24.72485577,111.2787584,summer,pomegranate
black,20.12644921,108.065579,summer,pomegranate
black,21.02432943,104.7847006,summer,pomegranate
sandy,22.40423537,109.8695196,summer,pomegranate
black,20.33691147,110.9653137,summer,pomegranate
sandy,24.24779615,106.9216033,summer,pomegranate
sandy,24.81530144,109.2853418,summer,pomegranate
black,19.66329768,106.0380805,summer,pomegranate
loamy,22.43377991,112.459697,summer,pomegranate
black,22.92052307,110.2437841,summer,pomegranate
loamy,22.91843172,106.2817706,summer,pomegranate
clay,24.88244467,107.1951707,summer,pomegranate
loamy,23.40981539,105.2240743,summer,pomegranate
loamy,21.20725375,107.5660804,summer,pomegranate
sandy,18.20230419,109.6623974,summer,pomegranate
clay,22.34375696,103.3183074,summer,pomegranate
clay,24.32770134,110.4606459,summer,pomegranate
black,19.75088482,102.5538035,summer,pomegranate
sandy,19.86173586,111.0217929,summer,pomegranate
clay,18.07132963,106.3602023,summer,pomegranate
black,23.89162561,104.617522,summer,pomegranate
loamy,23.98598756,104.991282,summer,pomegranate
sandy,20.93892916,103.0295938,summer,pomegranate
black,20.82210727,109.4429934,summer,pomegranate
black,20.86474944,106.8685636,summer,pomegranate
clay,24.45840036,111.3779693,summer,pomegranate
clay,24.51147697,105.6209954,summer,pomegranate
loamy,24.56811204,110.9633894,summer,pomegranate
black,24.63228709,110.6956184,summer,pomegranate
loamy,20.07386547,103.7084055,summer,pomegranate
loamy,21.80523051,102.6488846,summer,pomegranate
black,22.8122645,110.4432293,summer,pomegranate
black,22.73031253,104.6843243,summer,pomegranate
clay,23.2801227,111.1382096,summer,pomegranate
clay,19.30106297,105.4766591,summer,pomegranate
sandy,19.0087067,108.6793978,summer,pomegranate
black,24.35193812,105.529185,summer,pomegranate
sandy,24.72235539,112.1926517,summer,pomegranate
black,21.92513945,111.716201599999,summer,pomegranate
sandy,24.83954414,107.6435771,summer,pomegranate
sandy,18.09691127,104.881889999999,summer,pomegranate
black,20.24104904,109.2537734,summer,pomegranate
loamy,23.22594,105.6917856,summer,pomegranate
clay,23.50128217,106.61905,summer,pomegranate
black,19.44623085,106.1606833,summer,pomegranate
loamy,20.51343484,110.5764023,summer,pomegranate
clay,18.90223032,107.6103211,summer,pomegranate
loamy,18.90592319,112.4750941,summer,pomegranate
clay,22.63045168,109.0357597,summer,pomegranate
black,19.38603815,109.9130984,summer,pomegranate
loamy,24.38318965,103.6012114,summer,pomegranate
clay,23.77989026,106.977723,summer,pomegranate
loamy,22.59890174,110.0932899,summer,pomegranate
black,24.37766782,106.128338,summer,pomegranate
black,20.89273273,104.4407083,summer,pomegranate
sandy,18.09903225,107.0050976,summer,pomegranate
black,20.00218987,112.337046,summer,pomegranate
black,19.85139326,102.8186358,summer,pomegranate
black,21.25433607,106.2784673,summer,pomegranate
loamy,23.65374106,109.8076178,summer,pomegranate
loamy,23.88404783,108.3121789,summer,pomegranate
loamy,29.36792366,92.82840911,winter,banana
black,27.33368994,101.0494791,summer,banana
clay,27.40053601,104.9378,summer,banana
clay,29.3159075,90.10978128,winter,banana
black,26.05433004,113.2297373,summer,banana
clay,25.86632408,114.5357503,summer,banana
clay,27.00932084,97.32531705,winter,banana
clay,29.55054817,99.34482238,winter,banana
clay,26.28845991,113.8729798,summer,banana
clay,29.16226551,100.0075679,summer,banana
sandy,28.65003945,98.75084366,winter,banana
loamy,29.07311132,100.1692639,summer,banana
clay,28.08166093,118.2761894,summer,banana
clay,27.1994597,99.72430835,winter,banana
loamy,28.05484146,108.3957179,summer,banana
black,25.14748006,98.66679427,winter,banana
black,25.94019018,119.84797,summer,banana
clay,27.66752761,108.66464,summer,banana
sandy,25.56703012,102.7867717,summer,banana
sandy,28.6956201,116.1616839,summer,banana
loamy,26.33544853,118.6858263,summer,banana
loamy,25.93730186,98.21747528,winter,banana
loamy,25.13686519,91.46442491,winter,banana
loamy,27.50527651,105.0776992,summer,banana
clay,26.21009246,112.0700033,summer,banana
loamy,29.10403455,92.07835761,winter,banana
sandy,29.2440638,90.66727868,winter,banana
loamy,25.56202173,93.10247183,winter,banana
black,26.3985515,98.16752001,winter,banana
black,28.09577643,109.5408614,summer,banana
black,27.84767901,117.2878912,summer,banana
black,27.39341554,94.31102057,winter,banana
black,25.14517635,119.218154,summer,banana
sandy,28.65456263,102.4633775,summer,banana
black,29.16093424,109.575944,summer,banana
clay,27.57278064,91.34276507,winter,banana
loamy,25.40909896,112.9794804,summer,banana
sandy,25.99069521,112.0777152,summer,banana
clay,26.29039046,118.6730366,summer,banana
loamy,29.14827211,117.536781,summer,banana
sandy,26.59743595,107.3944717,summer,banana
clay,25.36059237,116.5531455,summer,banana
clay,29.12036889,112.3982055,summer,banana
black,27.53911354,110.3262123,summer,banana
loamy,29.66727337,110.2511102,summer,banana
black,25.05802193,110.4408803,summer,banana
black,25.86824781,116.3019555,summer,banana
clay,25.85036988,119.085617099999,summer,banana
loamy,26.51682337,108.8547508,summer,banana
sandy,28.66725136,118.2583441,summer,banana
clay,28.14938935,91.40508414,winter,banana
loamy,26.42313317,95.12322062,winter,banana
sandy,26.59386409,109.9825551,summer,banana
clay,27.71822477,102.2099836,summer,banana
sandy,28.98333432,109.022564,summer,banana
black,29.42017919,117.229079,summer,banana
clay,27.39872329,112.1355384,summer,banana
clay,26.4020227,111.0162259,summer,banana
clay,27.81251452,99.20961514,winter,banana
clay,25.19640218,115.8586081,summer,banana
sandy,28.31193338,119.695765,summer,banana
loamy,25.90113128,110.10323,summer,banana
clay,27.48612983,109.2768851,summer,banana
clay,29.38254012,109.2486647,summer,banana
clay,29.22118628,108.8616474,summer,banana
loamy,27.09062164,110.1331182,summer,banana
black,26.12643374,104.4812858,summer,banana
black,29.01207743,90.43495443,winter,banana
black,27.96799119,119.4765557,summer,banana
black,28.0764455,118.992357299999,summer,banana
loamy,25.16278237,90.94554618,winter,banana
loamy,25.78749808,114.2005455,summer,banana
sandy,25.34119774,91.06493353,winter,banana
loamy,29.44795403,96.45042585,winter,banana
clay,26.47522633,113.1161095,summer,banana
sandy,27.39489579,92.78133617,winter,banana
clay,25.08347445,94.32961456,winter,banana
clay,26.6719835,91.73358569,winter,banana
sandy,25.44926208,100.6619171,summer,banana
clay,28.22776705,98.00403016,winter,banana
sandy,28.1279508999999,103.5045395,summer,banana
loamy,28.9470467,95.83016448,winter,banana
clay,27.96236771,97.55986676,winter,banana
loamy,28.00316034,94.68180316,winter,banana
clay,29.1400919,90.45142867,winter,banana
loamy,27.9122104,90.24211529,winter,banana
sandy,25.43480512,96.47800391,winter,banana
black,28.55980972,111.0843029,summer,banana
clay,26.59580783,100.5123341,summer,banana
clay,27.19711623,99.46950465,winter,banana
loamy,25.29391516,105.4220251,summer,banana
loamy,29.90888522,91.99964712,winter,banana
clay,27.94972463,109.0921631,summer,banana
black,25.01018457,108.3690513,summer,banana
black,29.21144871,108.5501443,summer,banana
sandy,27.35911627,90.81250457,winter,banana
sandy,28.0106804,103.7040783,summer,banana
black,28.67208915,94.37987496,winter,banana
loamy,27.34585147,92.15524332,winter,banana
clay,29.50704598,98.12565829,winter,banana
sandy,29.73770045,90.09586854,winter,mango
sandy,33.55695561,98.67527561,winter,mango
loamy,27.00315545,95.85118326,winter,mango
loamy,33.56150184,95.70525913,winter,mango
loamy,35.89855625,92.19721736,winter,mango
clay,34.17719782,98.00687989,winter,mango
clay,30.01592643,97.72843182,winter,mango
clay,31.74592134,93.75441586,winter,mango
loamy,35.99009679,95.3713484,winter,mango
loamy,31.86641378,98.46768642,winter,mango
sandy,27.75518664,94.11213345,winter,mango
black,34.72413192,97.31258083,winter,mango
clay,27.53907547,99.35408185,winter,mango
black,27.69637763,89.85646496,winter,mango
black,27.25373364,91.87312479,winter,mango
loamy,30.33723921,94.42850522,winter,mango
black,31.85744939,91.55845821,winter,mango
clay,35.39986338,97.41054011,winter,mango
clay,29.80747243,95.74606104,winter,mango
clay,34.16438906,98.33351125,winter,mango
black,28.93270187,99.9834242,winter,mango
sandy,27.98392787,99.61465679,winter,mango
black,31.20478173,94.62954663,winter,mango
loamy,32.13409675,98.63333684,winter,mango
loamy,28.91862016,97.01331604,winter,mango
sandy,31.09779147,90.28624348,winter,mango
clay,34.73823882,90.65022183,winter,mango
clay,29.98080499,91.82271568,winter,mango
clay,33.80398664,90.82549241,winter,mango
sandy,30.07202564,92.09609766,winter,mango
black,27.92063282,100.2585673,summer,mango
clay,31.40948821,92.99739415,winter,mango
loamy,35.7877738,100.2160615,summer,mango
sandy,33.36140093,98.81596545,winter,mango
loamy,35.96054636,98.00644238,winter,mango
black,28.33333307,91.67241761,winter,mango
clay,32.27652024,95.99487068,winter,mango
black,31.99490489,97.38741498,winter,mango
sandy,27.58258929,95.8445641,winter,mango
black,29.38471637,100.8124659,summer,mango
black,32.38697531,90.21633216,winter,mango
clay,30.91471455,90.14047759,winter,mango
black,35.37775595,97.41586402,winter,mango
clay,32.32362177,93.36718816,winter,mango
loamy,28.22373428,97.76832322,winter,mango
sandy,27.27433181,95.257992,winter,mango
black,27.10710832,92.37238878,winter,mango
sandy,34.89226666,91.63074547,winter,mango
loamy,33.7462686,92.26439205,winter,mango
black,27.3511056,96.27792547,winter,mango
black,32.89300162,94.49161372,winter,mango
clay,35.38598705,90.29643888,winter,mango
loamy,27.5529736,90.40332704,winter,mango
clay,32.82141065,90.89173106,winter,mango
loamy,30.17294105,95.23444287,winter,mango
sandy,29.26382931,100.7586226,summer,mango
loamy,32.06097197,96.59816497,winter,mango
clay,28.69818144,99.642454,winter,mango
black,29.14305008,97.55155537,winter,mango
loamy,28.3471611,90.40260445,winter,mango
black,27.67256197,92.84991507,winter,mango
black,28.1218093,93.30247448,winter,mango
clay,30.79375683,92.21318555,winter,mango
clay,28.89409382,94.76322976,winter,mango
sandy,33.33024826,98.28583013,winter,mango
loamy,27.78912455,91.01152997,winter,mango
black,31.65333432,91.09745581,winter,mango
sandy,29.75150773,91.405983,winter,mango
clay,31.32995611,89.78216168,winter,mango
clay,35.63627319,97.51952041,winter,mango
sandy,31.66524687,89.98024312,winter,mango
black,32.26935342,95.94035356,winter,mango
black,27.81005614,95.89898581,winter,mango
sandy,34.58561471,100.3060719,summer,mango
loamy,31.27180992,89.74409017,winter,mango
clay,33.93679864,97.4611918,winter,mango
sandy,31.09154239,91.46664318,winter,mango
black,31.89356292,89.59371481,winter,mango
sandy,32.45465292,95.04871605,winter,mango
loamy,35.47478322,97.79072474,winter,mango
loamy,27.32961444,93.53197359,winter,mango
sandy,30.90225239,91.77522598,winter,mango
sandy,29.09382275,96.23520043,winter,mango
loamy,30.02086169,96.63721027,winter,mango
black,34.13072188,96.38808001,winter,mango
sandy,33.44619894,98.05089394,winter,mango
clay,35.3915464,91.22881052,winter,mango
loamy,31.53356352,98.57025046,winter,mango
black,30.7645515,90.38503469,winter,mango
clay,30.01821337,96.08745082,winter,mango
sandy,31.32863689,94.67344737,winter,mango
loamy,33.88004781,89.29147581,winter,mango
sandy,28.07802689,97.45373619,winter,mango
black,35.53845018,91.54560427,winter,mango
sandy,28.70595247,95.8946444,winter,mango
black,31.48451729,93.17221967,winter,mango
sandy,27.69819273,100.7720705,summer,mango
black,30.41235793,93.92375879,winter,mango
loamy,32.17752026,91.88766069,winter,mango
black,32.6112614,91.10190759,winter,mango
clay,29.99677232,67.12534492,winter,grapes
loamy,30.7280404,68.38135469,winter,grapes
black,32.44577836,68.73932528,winter,grapes
black,37.46566825,66.83872293,winter,grapes
sandy,22.03296178,65.34440794,winter,grapes
black,39.64851881,70.39906054,winter,grapes
loamy,16.77557314,66.76285469,winter,grapes
black,12.14190714,69.63122027,winter,grapes
sandy,12.7567962,66.77844567,winter,grapes
loamy,39.04071989,73.88467027,winter,grapes
black,39.70772192,74.91506217,winter,grapes
black,9.467960445,66.02765219,winter,grapes
sandy,29.58748357,68.06417307,winter,grapes
clay,17.82803682,65.84748763,winter,grapes
sandy,8.825674745,67.235765,winter,grapes
black,27.83487131,73.02882766,winter,grapes
black,11.02105378,68.23963161,winter,grapes
clay,17.5862944,71.4065452,winter,grapes
black,19.89363946,69.66256816,winter,grapes
loamy,29.93707596,65.52279323,winter,grapes
sandy,36.73126647,72.24230804,winter,grapes
sandy,20.42094753,66.93065667,winter,grapes
sandy,25.51939719,69.17281221,winter,grapes
black,30.50734778,70.08200379,winter,grapes
sandy,18.4269936,69.75734306,winter,grapes
loamy,12.087022,68.66813363,winter,grapes
loamy,23.60115364,73.23901752,winter,grapes
clay,12.80000387,67.10439401,winter,grapes
loamy,38.06099482,65.70148216,winter,grapes
loamy,39.06555518,69.30772897,winter,grapes
sandy,33.78372897,74.53557341,winter,grapes
clay,16.76201707,73.28712806,winter,grapes
black,35.89307536,66.53946559,winter,grapes
black,21.01245395,66.38448261,winter,grapes
black,10.89875873,68.69420397,winter,grapes
black,16.36251869,71.55665483,winter,grapes
clay,20.28370163,71.06611222,winter,grapes
black,25.11108456,73.01026829,winter,grapes
loamy,33.4641162,67.92204319,winter,grapes
clay,11.7976469,65.06962486,winter,grapes
sandy,11.36300891,71.18289431,winter,grapes
sandy,25.23542319,67.03840888,winter,grapes
clay,15.99050693,74.40198861,winter,grapes
clay,22.4359017,65.3973168,winter,grapes
black,34.76086052,65.70430027,winter,grapes
black,31.11047251,71.43001582,winter,grapes
sandy,28.57828803,73.34232097,winter,grapes
clay,41.18664903,68.68895899,winter,grapes
sandy,27.02766138,70.95666003,winter,grapes
sandy,21.19339319,74.62834921,winter,grapes
clay,10.38004759,67.3917379,winter,grapes
sandy,31.3115978,65.01095312,winter,grapes
black,20.46657776,71.29813872,winter,grapes
clay,29.36947679,66.13442813,winter,grapes
loamy,10.72302459,65.2982112,winter,grapes
black,14.97846952,71.63437433,winter,grapes
sandy,15.3246651,71.60102999,winter,grapes
clay,18.73932187,73.55807954,winter,grapes
loamy,19.3642553,67.15094741,winter,grapes
loamy,41.20733624,65.90227462,winter,grapes
loamy,33.34214482,70.68098614,winter,grapes
black,23.81995682,67.2739864,winter,grapes
clay,40.66012294,74.03030056,winter,grapes
black,11.82768186,74.10225057,winter,grapes
clay,13.28504331,65.80006004,winter,grapes
loamy,35.83089092,73.67984885,winter,grapes
sandy,26.18159716,66.05911698,winter,grapes
loamy,24.57558351,69.706113,winter,grapes
clay,29.67229086,66.48490371,winter,grapes
sandy,39.37102553,74.08101744,winter,grapes
clay,17.66558428,69.8671263,winter,grapes
black,24.06679352,69.81855775,winter,grapes
clay,15.31413469,74.82144653,winter,grapes
loamy,21.77466746,69.39630398,winter,grapes
black,26.91624843,69.30927185,winter,grapes
black,41.65602996,74.19664838,winter,grapes
sandy,17.98667801,72.37127689,winter,grapes
black,29.12033769,68.8503047,winter,grapes
loamy,34.38922481,71.03001556,winter,grapes
sandy,41.36106301,69.92107482,winter,grapes
clay,35.12158265,69.71518491,winter,grapes
black,19.6491772,73.69529586,winter,grapes
sandy,16.27852801,66.57462809,winter,grapes
black,21.11903604,69.27779761,winter,grapes
clay,19.2077707,66.83113717,winter,grapes
black,25.96308415,70.31782647,winter,grapes
black,25.67385024,74.10919422,winter,grapes
loamy,41.94865736,73.06862952,winter,grapes
sandy,11.18994268,66.34234944,winter,grapes
clay,17.5438296,73.77063744,winter,grapes
black,13.05809741,70.75633584,winter,grapes
clay,9.724457611,74.46411148,winter,grapes
sandy,27.92004934,69.92092839,winter,grapes
sandy,9.535585543,69.44115171,winter,grapes
loamy,13.42988625,71.40043037,winter,grapes
sandy,9.851242629,68.42802444,winter,grapes
clay,24.97256132,66.70016285,winter,grapes
clay,27.23708304,70.42508897,winter,grapes
sandy,18.70679077,66.5964488,winter,grapes
sandy,9.949929082,66.00817551,winter,grapes
sandy,26.47330219,53.65742581,winter,watermelon
loamy,25.18780042,46.87420883,winter,watermelon
black,25.29954705,57.04147057,winter,watermelon
loamy,24.74631269,57.95826144,winter,watermelon
loamy,26.58740671,41.87540028,winter,watermelon
black,24.53442564,49.11618732,winter,watermelon
clay,26.0713757,57.79652846,winter,watermelon
loamy,25.96534238,59.46338556,winter,watermelon
sandy,26.22338015,54.60159289,winter,watermelon
black,24.41311871,44.07843475,winter,watermelon
black,26.49195283,57.72799157,winter,watermelon
loamy,24.04355803,53.78929956,winter,watermelon
loamy,25.5421695,57.57343233,winter,watermelon
clay,26.74550678,40.794305,winter,watermelon
loamy,25.7131428,43.08961827,winter,watermelon
sandy,25.76484262,44.22066914,winter,watermelon
loamy,26.79489868,57.74091817,winter,watermelon
clay,24.9004602,57.44942094,winter,watermelon
clay,26.80750629,58.79889057,winter,watermelon
sandy,25.11189154,44.20656987,winter,watermelon
sandy,26.2148837,59.65590798,winter,watermelon
sandy,24.9103226,49.48575692,winter,watermelon
loamy,25.79448878,56.45229202,winter,watermelon
sandy,25.26931156,40.12650421,winter,watermelon
black,25.76402693,46.05122728,winter,watermelon
black,25.85483596,46.85176955,winter,watermelon
sandy,24.33528185,48.32113628,winter,watermelon
sandy,25.37601283,57.23028471,winter,watermelon
loamy,24.86094646,55.29563514,winter,watermelon
clay,24.71885473,48.45978627,winter,watermelon
black,24.21495706,48.01138482,winter,watermelon
loamy,25.81692236,54.82963379,winter,watermelon
black,24.47018505,57.26773002,winter,watermelon
loamy,24.13078816,51.19470197,winter,watermelon
black,26.1793464,49.43050977,winter,watermelon
loamy,26.17668721,53.33484977,winter,watermelon
sandy,26.03867719,44.3993381,winter,watermelon
black,26.53259325,54.30660782,winter,watermelon
black,26.81938687,46.06193778,winter,watermelon
black,25.50405534,48.47833278,winter,watermelon
loamy,26.20234499,56.47941847,winter,watermelon
sandy,25.13735887,43.52897517,winter,watermelon
sandy,25.92030221,42.10681516,winter,watermelon
clay,26.6634609,57.40847165,winter,watermelon
black,24.06731461,51.75212401,winter,watermelon
black,24.6774157,57.05709413,winter,watermelon
clay,26.11440416,58.48160844,winter,watermelon
loamy,26.81530456,55.74073582,winter,watermelon
black,25.15623099,55.49541453,winter,watermelon
loamy,25.2801372,49.29456609,winter,watermelon
sandy,26.22005978,49.08553937,winter,watermelon
loamy,24.92093261,50.55710813,winter,watermelon
loamy,26.21667586,54.65423596,winter,watermelon
black,26.81383586,51.70497792,winter,watermelon
sandy,24.31334971,48.11248366,winter,watermelon
black,24.29105004,51.26046418,winter,watermelon
loamy,24.42998931,48.58241822,winter,watermelon
sandy,25.66576039,54.22722466,winter,watermelon
sandy,25.07803672,56.39962921,winter,watermelon
loamy,24.88910524,51.70699144,winter,watermelon
sandy,25.42900869,56.34144589,winter,watermelon
loamy,24.37118217,44.63907691,winter,watermelon
black,26.4930645,46.06382209,winter,watermelon
clay,25.83202912,45.24690619,winter,watermelon
black,24.41592661,40.32161859,winter,watermelon
black,24.37190239,44.20899581,winter,watermelon
loamy,24.24782473,54.7657623999999,winter,watermelon
black,24.64458469,48.31219031,winter,watermelon
black,24.89681131,53.14626213,winter,watermelon
loamy,25.41864024,49.52320689,winter,watermelon
sandy,26.26028739,58.97878791,winter,watermelon
black,24.90123934,46.59207341,winter,watermelon
loamy,24.84740848,59.67927244,winter,watermelon
clay,26.98212846,42.91292205,winter,watermelon
black,26.90435747,59.75980023,winter,watermelon
loamy,25.86475496,41.16554802,winter,watermelon
clay,26.70607759,51.51033554,winter,watermelon
black,26.44019475,47.81847573,winter,watermelon
black,26.283443,50.78669728,winter,watermelon
clay,26.84366082,40.228644,winter,watermelon
sandy,26.03967219,43.87712348,winter,watermelon
loamy,24.92994759,48.75859458,winter,watermelon
loamy,25.50736962,44.2068997,winter,watermelon
black,25.4438391,57.51549686,winter,watermelon
loamy,26.12588914,40.71210074,winter,watermelon
loamy,25.10474753,59.26519444,winter,watermelon
sandy,26.27520631,54.38748495,winter,watermelon
clay,26.27061608,46.76837499,winter,watermelon
loamy,26.73690828,47.46447019,winter,watermelon
black,25.04746944,56.72496677,winter,watermelon
sandy,24.69368934,48.99390828,winter,watermelon
clay,24.54356968,42.00660251,winter,watermelon
loamy,25.89762315,54.49960057,winter,watermelon
clay,26.6333118,56.31866159,winter,watermelon
loamy,25.35794749,47.72078245,winter,watermelon
loamy,25.28784623,58.28697664,winter,watermelon
clay,26.63838589,48.32428609,winter,watermelon
clay,25.3310446,41.53218699,winter,watermelon
clay,26.89750174,43.97193745,winter,watermelon
black,26.98603693,58.54876687,winter,watermelon
loamy,27.57826922,28.08253201,winter,muskmelon
loamy,27.82054812,26.32405487,winter,muskmelon
loamy,29.09910406,22.52497327,winter,muskmelon
sandy,28.04943594,20.76223014,winter,muskmelon
sandy,29.91690582,28.16057247,winter,muskmelon
black,29.86895762,26.26243014,winter,muskmelon
black,29.17220859,21.30290472,winter,muskmelon
sandy,29.24908541,25.93496537,winter,muskmelon
clay,27.76317235,25.21609113,winter,muskmelon
clay,28.82629037,26.23838511,winter,muskmelon
clay,28.52379742,29.86681385,winter,muskmelon
sandy,29.06785065,29.1194739,winter,muskmelon
clay,29.08417927,25.33014238,winter,muskmelon
black,28.47090661,21.08484101,winter,muskmelon
loamy,28.27973674,21.58992507,winter,muskmelon
clay,28.47212559,20.88620369,winter,muskmelon
clay,29.68846716,26.83924845,winter,muskmelon
loamy,27.02415146,21.26034986,winter,muskmelon
clay,29.09588297,26.70581328,winter,muskmelon
black,29.69238699,29.1102594,winter,muskmelon
clay,28.20619412,28.78654515,winter,muskmelon
loamy,29.05248036,23.66620626,winter,muskmelon
black,29.57240298,27.56918621,winter,muskmelon
sandy,29.10968327,27.95602304,winter,muskmelon
loamy,28.20480805,20.36001144,winter,muskmelon
sandy,29.11858526,24.52020164,winter,muskmelon
clay,29.62800691,23.69586761,winter,muskmelon
clay,29.81196601,22.68766503,winter,muskmelon
clay,27.72338349,22.81863447,winter,muskmelon
sandy,29.26092798,28.70627683,winter,muskmelon
loamy,29.72791119,26.52364146,winter,muskmelon
loamy,28.91105641,23.44398467,winter,muskmelon
clay,28.96361426,23.56130173,winter,muskmelon
loamy,28.59052369,29.44008034,winter,muskmelon
clay,27.33897716,28.69113835,winter,muskmelon
sandy,29.90415889,25.37828397,winter,muskmelon
black,27.42711692,21.7508774,winter,muskmelon
clay,29.55657523,28.36535596,winter,muskmelon
black,29.84070774,23.28207838,winter,muskmelon
clay,28.53545677,25.1290048,winter,muskmelon
clay,27.11535046,26.51924782,winter,muskmelon
clay,27.84492803,26.47844429,winter,muskmelon
loamy,29.03157242,24.93861254,winter,muskmelon
black,27.82424457,21.19014526,winter,muskmelon
sandy,27.72653142,20.21126747,winter,muskmelon
black,28.69708334,22.21807088,winter,muskmelon
loamy,29.73019662,20.49035619,winter,muskmelon
clay,29.54097171,21.9653077,winter,muskmelon
clay,28.80311922,25.16359891,winter,muskmelon
sandy,27.29035669,23.49535234,winter,muskmelon
black,27.46583649,27.27899847,winter,muskmelon
loamy,29.49401389,26.30820876,winter,muskmelon
loamy,27.79161808,26.85422624,winter,muskmelon
loamy,29.12533739,21.90440445,winter,muskmelon
sandy,27.93114233,20.66127836,winter,muskmelon
sandy,29.45771748,20.76212031,winter,muskmelon
loamy,27.96872279,28.94766949,winter,muskmelon
black,29.48882958,26.01909355,winter,muskmelon
sandy,29.47156259,28.75226067,winter,muskmelon
clay,27.0767265,24.4514648,winter,muskmelon
black,27.30008597,25.09484511,winter,muskmelon
loamy,29.82729394,22.84203589,winter,muskmelon
sandy,29.93061247,24.34814338,winter,muskmelon
clay,29.94349168,20.39020503,winter,muskmelon
clay,28.03306461,21.17924769,winter,muskmelon
sandy,29.8843055,21.0000988,winter,muskmelon
black,27.7058373,22.06207161,winter,muskmelon
sandy,29.78714005,27.8659442,winter,muskmelon
black,28.57819995,27.5987178,winter,muskmelon
sandy,29.48069921,26.0365768,winter,muskmelon
sandy,27.51492243,21.01796432,winter,muskmelon
clay,28.05457761,21.84869328,winter,muskmelon
clay,29.03167341,24.15591199,winter,muskmelon
loamy,28.5854649,26.88372572,winter,muskmelon
black,27.08808014,25.32159689,winter,muskmelon
sandy,27.99611732,21.61893763,winter,muskmelon
loamy,27.87317436,24.05207925,winter,muskmelon
sandy,28.96586565,22.25838137,winter,muskmelon
sandy,28.87726019,24.44267592,winter,muskmelon
black,29.17052093,22.06994464,winter,muskmelon
black,29.34033587,21.44532907,winter,muskmelon
sandy,29.07265321,28.83568362,winter,muskmelon
black,28.68275966,29.11187663,winter,muskmelon
sandy,28.92705913,23.20076686,winter,muskmelon
sandy,27.99901833,23.28618248,winter,muskmelon
loamy,27.59350075,24.84266123,winter,muskmelon
clay,29.87331077,24.69720481,winter,muskmelon
black,28.55852465,27.26588346,winter,muskmelon
sandy,29.19378695,26.48240255,winter,muskmelon
clay,27.98780984,27.14509034,winter,muskmelon
loamy,28.05380704,20.76582087,winter,muskmelon
loamy,27.3506296,27.21244021,winter,muskmelon
clay,29.34081108,28.22908103,winter,muskmelon
black,28.61475136,28.98574189,winter,muskmelon
clay,27.04863538,25.08146686,winter,muskmelon
sandy,29.5275305,21.13545688,winter,muskmelon
clay,28.50416396,24.20007242,winter,muskmelon
clay,28.89578588,23.0362503,winter,muskmelon
black,27.04927452,23.65747461,winter,muskmelon
loamy,28.96017885,24.7458198,winter,muskmelon
clay,22.75088787,110.4317855,summer,apple
black,23.8494014,114.0512495,summer,apple
sandy,22.60800988,116.0396587,summer,apple
loamy,21.18667419,122.233323,summer,apple
sandy,23.41044706,116.077793099999,summer,apple
black,22.86006627,117.7296726,summer,apple
black,22.48403042,105.5473627,summer,apple
sandy,22.02775403,121.1349176,summer,apple
loamy,21.91191314,117.0761277,summer,apple
clay,23.71059131,112.6676589,summer,apple
loamy,21.37784654,106.1417017,summer,apple
sandy,22.84852833,123.5977843,summer,apple
loamy,23.1094265,108.183792,summer,apple
clay,23.25230817,105.3558408,summer,apple
loamy,23.67287749,104.2298028,summer,apple
clay,23.76881552,102.2648546,summer,apple
sandy,23.34386401,104.4267991,summer,apple
sandy,22.63946441,108.3405879,summer,apple
black,22.45696744,114.8407725,summer,apple
loamy,22.96388477,104.647298599999,summer,apple
black,21.07273439,107.8737015,summer,apple
sandy,22.44075021,121.4977331,summer,apple
black,22.71271308,109.8852597,summer,apple
sandy,21.70416965,115.1781396,summer,apple
sandy,22.43324518,119.1025189,summer,apple
black,21.25941052,109.065847099999,summer,apple
sandy,22.9215706,105.6941544,summer,apple
loamy,22.81212536,107.855225,summer,apple
sandy,21.12152071,102.8017203,summer,apple
black,21.11478672,104.5086618,summer,apple
black,23.59997268,107.172819099999,summer,apple
black,23.12652652,108.621183299999,summer,apple
black,22.98458907,122.1952483,summer,apple
black,22.12659387,104.5412275,summer,apple
sandy,22.53779727,101.8474768,summer,apple
black,22.49095104,124.3915101,summer,apple
loamy,22.35548159,116.7366261,summer,apple
black,22.20700989,120.1593771,summer,apple
black,22.44516988,107.1843273,summer,apple
sandy,22.76643029,120.4359949,summer,apple
black,22.19109412,112.3126628,summer,apple
sandy,23.6119202,123.5900822,summer,apple
sandy,23.86087054,105.0241329,summer,apple
clay,21.42177231,102.8045658,summer,apple
clay,22.36629253,124.9831618,summer,apple
black,23.99686172,117.6102915,summer,apple
black,21.80129837,120.058667099999,summer,apple
loamy,23.80436344,100.6192543,summer,apple
loamy,23.71475278,121.8961665,summer,apple
sandy,23.34467359,112.8954016,summer,apple
black,22.31253665,113.0688155,summer,apple
black,23.50201428,107.9868949,summer,apple
loamy,23.46260321,111.7763395,summer,apple
loamy,23.06204373,114.7399101,summer,apple
black,22.47420512,124.2179699,summer,apple
sandy,22.69780133,105.0508234,summer,apple
sandy,23.66682067,105.4004751,summer,apple
clay,22.50050273,100.9343903,summer,apple
loamy,23.83053666,109.5966791,summer,apple
sandy,23.64142354,116.6912176,summer,apple
sandy,21.41363812,118.3979065,summer,apple
clay,22.85267372,117.531402599999,summer,apple
clay,22.98208095,109.5852253,summer,apple
clay,21.19909519,103.6838922,summer,apple
loamy,23.87192332,103.0548094,summer,apple
black,21.0365275,114.7412734,summer,apple
sandy,22.61711614,116.9256766,summer,apple
clay,21.45278675,116.7036582,summer,apple
black,22.81227579,109.3383552,summer,apple
sandy,21.98141856,115.4789148,summer,apple
black,22.52709326,115.3830068,summer,apple
clay,22.35628673,107.7697413,summer,apple
loamy,21.19852186,105.8554351,summer,apple
sandy,23.8812458,104.9116663,summer,apple
loamy,22.78234161,122.1449949,summer,apple
clay,22.19055385,121.6622761,summer,apple
loamy,22.91430043,118.6044645,summer,apple
black,23.08950736,108.2166601,summer,apple
black,21.72484506,121.6961761,summer,apple
loamy,22.44307715,102.5565807,summer,apple
loamy,21.1316077,122.5391946,summer,apple
clay,22.71750705,107.0289866,summer,apple
black,23.75033085,117.6602827,summer,apple
clay,23.76121837,100.825956,summer,apple
loamy,22.13450646,112.9203223,summer,apple
clay,21.17089176,123.6495149,summer,apple
loamy,22.36238282,118.6832725,summer,apple
loamy,22.77856513,113.7759219,summer,apple
loamy,21.22503442,113.9760462,summer,apple
loamy,23.15791104,110.712841,summer,apple
clay,22.42776057,102.7230739,summer,apple
sandy,23.64082979,116.7431319,summer,apple
clay,22.29423493,122.7418744,summer,apple
black,23.35225078,113.0381382,summer,apple
loamy,22.03911546,110.9804014,summer,apple
loamy,23.80593812,119.6335548,summer,apple
loamy,22.31944084,100.1173443,summer,apple
sandy,22.14464104,120.6310784,summer,apple
sandy,23.65167552,115.3611268,summer,apple
black,22.16939473,124.4683112,summer,apple
sandy,15.78144173,119.035002,summer,orange
loamy,26.03097313,101.2847738,summer,orange
clay,13.36050601,111.2266885,summer,orange
black,18.87957654,114.6659511,summer,orange
clay,29.47741671,111.1727497,summer,orange
loamy,28.06903173,114.1339416,summer,orange
loamy,25.66901098,112.5424199,summer,orange
black,29.77149434,114.416178599999,summer,orange
black,30.55472573,106.0711985,summer,orange
clay,23.96147583,102.6958703,summer,orange
clay,23.98289638,118.4901697,summer,orange
black,25.26052689,117.369529599999,summer,orange
black,31.08368929,109.6894658,summer,orange
black,14.78003032,100.1961762,summer,orange
black,26.56608303,116.3796525,summer,orange
clay,24.85903405,111.7803734,summer,orange
loamy,34.51465139,103.5684926,summer,orange
sandy,24.12188673,102.835632,summer,orange
black,23.85340379,103.923226,summer,orange
sandy,24.60297538,111.2948115,summer,orange
black,15.63211033,101.4705704,summer,orange
black,19.33516809,116.450422,summer,orange
sandy,28.2620488,105.2132259,summer,orange
sandy,22.67594476,110.3332655,summer,orange
clay,21.03200078,110.6823944,summer,orange
black,33.23453301,115.7659902,summer,orange
loamy,22.30318989,117.3688104,summer,orange
black,11.50322938,115.568377599999,summer,orange
loamy,14.34320488,110.222312299999,summer,orange
black,33.1056981,119.1709113,summer,orange
loamy,30.49183837,113.3302105,summer,orange
sandy,30.25578031,116.7173125,summer,orange
loamy,12.22816189,108.4161706,summer,orange
black,10.01081312,119.3941064,summer,orange
sandy,22.79196751,116.5084074,summer,orange
clay,20.18432263,116.8130969,summer,orange
loamy,30.72119881,106.8118019,summer,orange
loamy,24.35590861,119.6946577,summer,orange
black,21.21306973,112.9834361,summer,orange
clay,10.78689755,117.5293447,summer,orange
sandy,11.89925671,103.5771468,summer,orange
sandy,22.56664172,109.8585753,summer,orange
sandy,18.86883219,119.3936976,summer,orange
clay,17.34083741,112.7194284,summer,orange
sandy,34.90665289,102.1906333,summer,orange
sandy,24.53610067,115.9787989,summer,orange
loamy,13.8377282,107.9873218,summer,orange
loamy,22.3551049,101.5164589,summer,orange
black,34.74004942,100.1967854,summer,orange
black,11.54785707,108.828917099999,summer,orange
loamy,23.13338811,104.4224145,summer,orange
loamy,29.98364695,115.3560318,summer,orange
black,20.87947369,102.4550786,summer,orange
clay,17.24944623,112.509051599999,summer,orange
black,15.83388699,109.7571416,summer,orange
black,23.01014302,112.6738296,summer,orange
loamy,16.39624284,102.944161,summer,orange
loamy,24.45132792,109.4711098,summer,orange
black,31.87859192,105.3437825,summer,orange
clay,31.34920143,109.1549823,summer,orange
loamy,18.05142392,111.7793889,summer,orange
black,30.84835031,107.4142681,summer,orange
sandy,22.45616931,118.0069295,summer,orange
sandy,13.70319166,106.2944879,summer,orange
black,20.48954522,111.839195099999,summer,orange
black,13.20844373,106.2696156,summer,orange
loamy,32.31944397,117.6236473,summer,orange
loamy,20.68185224,109.7513927,summer,orange
sandy,31.52675982,113.1169398,summer,orange
sandy,25.35467646,116.7555937,summer,orange
sandy,17.66545409,110.6857506,summer,orange
clay,12.59093977,119.391671799999,summer,orange
loamy,11.86631922,106.060149,summer,orange
sandy,11.03367937,112.7715925,summer,orange
black,25.2990432,117.9733424,summer,orange
black,32.23797837,104.7052254,summer,orange
black,17.68408797,108.0638166,summer,orange
black,10.2708877,106.6955204,summer,orange
sandy,17.22034507,108.0054343,summer,orange
clay,19.667056,100.1737964,summer,orange
clay,10.35609594,101.1456947,summer,orange
sandy,27.255435,101.139435,summer,orange
black,34.5917846,115.5650287,summer,orange
sandy,32.39523995,113.25373,summer,orange
sandy,10.16431299,106.362551,summer,orange
sandy,21.49118657,101.4819888,summer,orange
sandy,16.53460397,110.0447896,summer,orange
black,31.8520693999999,109.9455062,summer,orange
sandy,28.04799508,117.1311498,summer,orange
sandy,31.75048899,115.1989301,summer,orange
clay,29.07412717,100.7896871,summer,orange
clay,19.14381903,108.0230792,summer,orange
sandy,16.14820285,107.4287664,summer,orange
black,34.05296914,116.8020848,summer,orange
clay,34.51423957,118.327196799999,summer,orange
clay,32.71748548,113.328978,summer,orange
black,25.16296632,114.3117197,summer,orange
loamy,27.68167318,113.9995146,summer,orange
sandy,21.35093384,107.0862095,summer,orange
sandy,11.69894639,103.2005992,summer,orange
loamy,35.21462816,243.0745066,monsoon,papaya
black,42.39413392,88.46607497,winter,papaya
black,38.4191628,119.2653877,summer,papaya
clay,35.33294932,235.6133585,monsoon,papaya
clay,42.92325255,196.2408242,summer,papaya
sandy,33.83508569,203.4044028,monsoon,papaya
black,33.20258348,197.5282582,summer,papaya
clay,23.48546973,191.7760562,summer,papaya
sandy,29.33710543,202.0572747,monsoon,papaya
sandy,40.21199348,186.6762324,summer,papaya
sandy,42.13473976,197.402901,summer,papaya
loamy,32.86316618,47.271547,winter,papaya
black,29.80744318,232.7046126,monsoon,papaya
sandy,31.56213762,63.62250788,winter,papaya
sandy,36.32268069,141.1736926,summer,papaya
sandy,37.13165026,172.478806199999,summer,papaya
black,38.4418717,77.71566883,winter,papaya
loamy,32.66160599,78.85085502,winter,papaya
sandy,27.92765919,149.910755699999,summer,papaya
sandy,39.01793345,105.8841531,summer,papaya
sandy,32.51247398,51.07048113,winter,papaya
loamy,38.72382798,62.62377075,winter,papaya
clay,43.30204933,110.562229,summer,papaya
loamy,27.58548913,238.5008779,monsoon,papaya
black,40.78881819,132.7923586,summer,papaya
loamy,23.19451074,206.3999208,monsoon,papaya
clay,32.68067385,248.8592986,monsoon,papaya
black,34.28879307,127.2509777,summer,papaya
clay,39.30050027,120.9512466,summer,papaya
black,39.73149053,122.7628653,summer,papaya
loamy,39.23342464,64.4478499,winter,papaya
sandy,27.34734861,40.35153141,winter,papaya
loamy,40.76998685,209.8678411,monsoon,papaya
sandy,26.26559543,59.49373381,winter,papaya
black,28.12971499,117.8201907,summer,papaya
loamy,34.2804607,98.54047745,winter,papaya
clay,33.7960155,182.026807,summer,papaya
clay,31.53243779,207.0735119,monsoon,papaya
sandy,42.30495821,74.876786,winter,papaya
loamy,24.63676897,218.2299187,monsoon,papaya
loamy,28.28222883,179.272080699999,summer,papaya
black,24.48620746,183.49095,summer,papaya
sandy,42.84609252,78.8099639,winter,papaya
black,43.67549305,103.8235658,summer,papaya
loamy,42.07213781,165.7412972,summer,papaya
clay,33.46873719,136.8277041,summer,papaya
black,31.7018373,48.83810592,winter,papaya
sandy,41.41968393,199.3096432,summer,papaya
loamy,42.54744013,214.4103848,monsoon,papaya
sandy,28.91842453,63.68794608,winter,papaya
loamy,43.08022702,211.8529059,monsoon,papaya
sandy,29.20300896,209.4083305,monsoon,papaya
sandy,41.04224355,181.527598,summer,papaya
loamy,25.62446619,97.26336657,winter,papaya
sandy,35.32876402,163.9069365,summer,papaya
sandy,24.42561272,63.35298768,winter,papaya
black,31.18298415,54.01872359,winter,papaya
loamy,31.88342554,79.27201575,winter,papaya
black,42.93368602,246.3613268,monsoon,papaya
sandy,23.11407669,231.5153161,monsoon,papaya
clay,24.87212063,135.169452499999,summer,papaya
loamy,43.36051537,114.778071,summer,papaya
loamy,26.83054058,144.6656444,summer,papaya
sandy,30.42012134,75.95295,winter,papaya
loamy,28.64555584,115.8163936,summer,papaya
loamy,32.50037548,71.73759526,winter,papaya
loamy,43.03714283,41.5856585,winter,papaya
clay,30.10773379,75.24521981,winter,papaya
black,23.69212243,87.53393983,winter,papaya
black,35.67667332,141.3381168,summer,papaya
black,27.71948962,82.83061083,winter,papaya
loamy,35.26824831,149.8488208,summer,papaya
clay,23.16855863,161.6892093,summer,papaya
loamy,33.08706051,88.1300769,winter,papaya
clay,37.4620912,172.3458448,summer,papaya
clay,38.73218907,218.142147,monsoon,papaya
loamy,32.57720726,93.7942847,winter,papaya
sandy,38.38231475,210.2735346,monsoon,papaya
clay,42.93605359,234.8466111,monsoon,papaya
clay,25.65492304,52.95477913,winter,papaya
black,37.58899717,159.6577388,summer,papaya
clay,29.60718808,62.68710535,winter,papaya
black,25.34756111,174.401233699999,summer,papaya
black,25.9300384,241.8202079,monsoon,papaya
black,32.76795887,240.4795923,monsoon,papaya
loamy,29.02328049,126.8069869,summer,papaya
loamy,40.00439101,92.11877372,winter,papaya
loamy,33.32315744,234.496633,monsoon,papaya
loamy,31.22790131,46.44279118,winter,papaya
loamy,26.68386496,62.50689682,winter,papaya
black,24.70528368,108.4103158,summer,papaya
sandy,38.2016825,218.0908814,monsoon,papaya
sandy,36.56769731,104.4218596,summer,papaya
loamy,26.05375792,240.6863901,monsoon,papaya
clay,31.29986342,54.77830202,winter,papaya
loamy,40.10207731,149.1199989,summer,papaya
loamy,38.58954491,102.2708231,summer,papaya
loamy,41.31330062,239.7427554,monsoon,papaya
black,37.03551903,188.5181422,summer,papaya
clay,23.0124018,208.3357976,monsoon,papaya
sandy,26.7627493,224.5903664,monsoon,coconut
sandy,25.61294367,224.3206759,monsoon,coconut
loamy,28.130115,151.0761899,summer,coconut
loamy,25.02887163,179.8248944,summer,coconut
clay,27.79797651,181.6942283,summer,coconut
sandy,29.25902906,184.7624496,summer,coconut
loamy,27.10134661,150.9502632,summer,coconut
clay,25.84726298,147.8888994,summer,coconut
black,26.58580443,178.8116076,summer,coconut
black,28.38503882,189.6711349,summer,coconut
black,28.43647052,145.5414413,summer,coconut
clay,28.27298134,198.8234862,summer,coconut
loamy,27.00648436,144.3331315,summer,coconut
black,27.63551259,157.917153699999,summer,coconut
clay,26.29644905,215.9195049,monsoon,coconut
clay,27.1326009,204.7206567,monsoon,coconut
loamy,25.56567803,199.7936345,summer,coconut
black,25.94951662,172.0540491,summer,coconut
sandy,28.03380598,218.0055713,monsoon,coconut
loamy,29.12859129,157.2388553,summer,coconut
loamy,27.0828252,171.7575545,summer,coconut
loamy,28.11321494,172.481364099999,summer,coconut
black,27.5136304,156.6732553,summer,coconut
clay,27.63834933,205.5463111,monsoon,coconut
loamy,29.01256899,150.050031199999,summer,coconut
clay,26.58413917,171.6262299,summer,coconut
black,28.28905147,142.9403233,summer,coconut
clay,28.69164799,178.9635457,summer,coconut
sandy,29.70931288,209.8453993,monsoon,coconut
clay,27.14865285,149.2433497,summer,coconut
clay,29.28725038,132.1491176,summer,coconut
black,25.06871967,134.8419069,summer,coconut
sandy,26.92449525,194.9022136,summer,coconut
sandy,28.27804288,171.9457959,summer,coconut
black,29.18032562,204.9603677,monsoon,coconut
sandy,28.3575072,160.730699099999,summer,coconut
sandy,29.38072512,218.5241851,monsoon,coconut
sandy,25.39241091,218.080385,monsoon,coconut
sandy,26.31270635,208.1181381,monsoon,coconut
black,29.52501367,194.3100272,summer,coconut
clay,28.83214859,145.417238699999,summer,coconut
clay,28.48444906,160.389421,summer,coconut
loamy,28.74013335,156.7650823,summer,coconut
clay,25.00872392,165.8092179,summer,coconut
clay,29.8690834,192.7678575,summer,coconut
loamy,27.54273211,150.2012138,summer,coconut
clay,26.52166434,144.6261698,summer,coconut
loamy,25.03512351,174.796583,summer,coconut
black,29.20394909,211.2506267,monsoon,coconut
sandy,27.05826457,224.7006953,monsoon,coconut
loamy,26.18552389,135.4186222,summer,coconut
sandy,27.59376845,162.8432736,summer,coconut
black,25.76011662,131.2451414,summer,coconut
loamy,28.87862994,145.0583117,summer,coconut
loamy,26.50908611,199.8778403,summer,coconut
black,26.87037587,214.4128874,monsoon,coconut
loamy,27.57283516,145.9298935,summer,coconut
sandy,28.05912437,171.651639599999,summer,coconut
clay,29.51611558,131.2116167,summer,coconut
black,28.96318258,222.803013,monsoon,coconut
black,25.09897688,157.7592626,summer,coconut
sandy,27.1872282,141.3220576,summer,coconut
black,29.03065024,205.5720367,monsoon,coconut
clay,27.754298,131.090007599999,summer,coconut
loamy,27.31155708,201.8258633,monsoon,coconut
clay,28.84270971,224.4016682,monsoon,coconut
loamy,26.61423461,191.006688,summer,coconut
loamy,29.70143197,215.1968037,monsoon,coconut
black,25.54759871,212.867626,monsoon,coconut
sandy,26.37978453,167.0470997,summer,coconut
sandy,27.45907759,142.1430003,summer,coconut
clay,27.02269204,147.1682459,summer,coconut
sandy,28.98545306,148.8398374,summer,coconut
black,26.1055118,134.1279669,summer,coconut
clay,25.0707247,192.9036306,summer,coconut
sandy,25.54963273,191.2996157,summer,coconut
loamy,28.56973521,134.8370348,summer,coconut
black,26.07010807,143.533473,summer,coconut
sandy,25.51791333,178.7297725,summer,coconut
clay,25.9490364,144.1571109,summer,coconut
sandy,28.2974764,182.4482352,summer,coconut
black,29.56549169,224.8315729,monsoon,coconut
sandy,29.69952329,148.300369199999,summer,coconut
black,26.14162144,195.4115025,summer,coconut
sandy,26.00175125,209.540094,monsoon,coconut
loamy,27.15116142,164.9182225,summer,coconut
sandy,28.97318719,213.9011021,monsoon,coconut
black,26.13958446,131.3387935,summer,coconut
loamy,25.51618488,135.1272491,summer,coconut
clay,27.55821802,174.625648099999,summer,coconut
black,27.81132822,154.062122099999,summer,coconut
sandy,25.60033702,165.824873199999,summer,coconut
clay,26.91641934,225.6323656,monsoon,coconut
clay,29.1797902,188.9252083,summer,coconut
sandy,26.44600063,221.2258168,monsoon,coconut
clay,28.43572863,203.9283708,monsoon,coconut
sandy,28.94099669,191.7723087,summer,coconut
loamy,26.45488737,149.2220255,summer,coconut
sandy,25.79490531,152.423871199999,summer,coconut
loamy,26.93141945,166.5712879,summer,coconut
sandy,24.40228894,90.8022356,winter,cotton
black,23.09595631,71.29581071,winter,cotton
sandy,23.9656349,90.75616738,winter,cotton
black,24.88738107,89.76050416,winter,cotton
black,25.36243778,88.43618918,winter,cotton
sandy,24.69457084,78.58494391,winter,cotton
black,25.0017188,96.32600992,winter,cotton
loamy,22.45942937,64.23026638,winter,cotton
sandy,23.60564038,72.49800885,winter,cotton
loamy,24.58453146,71.94608134,winter,cotton
black,23.0865933,71.84080724,winter,cotton
black,23.5000992,79.81328183,winter,cotton
clay,24.1472953,69.91563467,winter,cotton
loamy,24.69315538,89.799462,winter,cotton
sandy,24.484692,90.94342484,winter,cotton
sandy,24.49112609,64.02949379,winter,cotton
sandy,23.47986888,86.76287924,winter,cotton
sandy,24.18586246,69.08056728,winter,cotton
loamy,25.00755095,86.06411872,winter,cotton
sandy,25.99237426,89.1188212,winter,cotton
black,23.66457347,99.36898373,winter,cotton
black,25.66891439,78.59595817,winter,cotton
clay,22.04612876,86.00758678,winter,cotton
loamy,22.4204752,93.46595573,winter,cotton
loamy,25.03149561,95.0191318,winter,cotton
loamy,23.53371386,87.54004943,winter,cotton
loamy,22.77076388,81.49543437,winter,cotton
black,25.49848236,67.05961949,winter,cotton
black,25.248679,86.55517751,winter,cotton
clay,22.78249615,64.61444234,winter,cotton
sandy,23.37044424,71.67870701,winter,cotton
sandy,24.86560781,79.56866268,winter,cotton
sandy,24.14386157,80.36146974,winter,cotton
clay,25.03300222,97.10087029,winter,cotton
sandy,23.65724079,88.54479121,winter,cotton
clay,25.54359718,88.94245493,winter,cotton
black,22.00085141,90.42224164,winter,cotton
clay,23.64328417,80.96157332,winter,cotton
loamy,23.96436009,84.63148859,winter,cotton
clay,24.65425757,61.82980133,winter,cotton
sandy,24.3017998,65.0247867,winter,cotton
loamy,24.29144926,90.41694635,winter,cotton
sandy,24.29470232,81.05902285,winter,cotton
clay,25.72180042,99.93100821,winter,cotton
clay,24.87663664,91.9223468,winter,cotton
loamy,22.60612115,75.13617229,winter,cotton
clay,23.86814008,90.4547185,winter,cotton
black,23.41022496,78.82199603,winter,cotton
clay,24.96440768,80.03995829,winter,cotton
black,25.16820129,84.62419032,winter,cotton
clay,22.72767171,77.55176318,winter,cotton
loamy,22.45145981,86.84998693,winter,cotton
loamy,23.04920461,70.65644296,winter,cotton
sandy,25.29250148,62.64174227,winter,cotton
clay,22.95604064,66.48339303,winter,cotton
clay,22.80213132,91.6389565,winter,cotton
loamy,23.54234715,84.12536744,winter,cotton
black,24.41212325,98.60457373,winter,cotton
black,22.94276687,67.08022574,winter,cotton
loamy,25.53676123,95.4262599,winter,cotton
clay,25.32023717,83.46532547,winter,cotton
sandy,22.426733,65.54475812,winter,cotton
loamy,25.78544484,91.39578861,winter,cotton
black,25.68959532,66.19426787,winter,cotton
clay,22.14593688,60.65381719,winter,cotton
loamy,25.07278712,93.51042684,winter,cotton
sandy,22.21506982,70.40557612,winter,cotton
black,23.9643129,76.13090645,winter,cotton
black,25.40059227,62.5138867,winter,cotton
loamy,23.7805123,66.26555904,winter,cotton
loamy,24.16402322,61.94626051,winter,cotton
clay,25.31468463,72.82902109,winter,cotton
sandy,22.60361557,88.57395505,winter,cotton
clay,22.9535715,99.75336197,winter,cotton
loamy,22.74446976,90.07326633,winter,cotton
clay,23.80834611,70.97358303,winter,cotton
clay,25.46228792,76.88582484,winter,cotton
sandy,25.96779712,74.14169043,winter,cotton
loamy,25.5308271,99.39557151,winter,cotton
clay,24.43847399,60.79645852,winter,cotton
black,23.03887865,90.64770699,winter,cotton
loamy,23.51308653,80.11272117,winter,cotton
sandy,22.75805656,97.76600619,winter,cotton
black,24.71252544,85.24963302,winter,cotton
black,23.45969093,93.50153555,winter,cotton
sandy,25.5503704,78.58488484,winter,cotton
loamy,22.08458267,67.06459777,winter,cotton
loamy,24.68854799,69.31153566,winter,cotton
loamy,25.84997269,77.03421249,winter,cotton
clay,22.46054478,71.85436078,winter,cotton
loamy,23.65629976,74.8984994,winter,cotton
clay,22.00817088,92.23645249,winter,cotton
loamy,24.32630461,69.45072055,winter,cotton
sandy,22.92360984,92.91915074,winter,cotton
loamy,23.43821725,81.15072105,winter,cotton
black,22.10718988,74.94136567,winter,cotton
sandy,23.03814028,91.49697481,winter,cotton
clay,24.54795322,63.88079866,winter,cotton
black,23.73868041,76.63669195,winter,cotton
clay,22.31871914,65.35747011,winter,cotton
loamy,25.52468965,151.8869972,summer,jute
loamy,26.59104992,161.2469997,summer,jute
clay,25.29781791,196.6249511,summer,jute
clay,25.72100868,175.608669699999,summer,jute
sandy,23.58419277,190.4242157,summer,jute
loamy,25.31042337,190.5577618,summer,jute
loamy,23.41798979,185.7446728,summer,jute
clay,24.35564134,169.1168028,summer,jute
sandy,26.284017,182.2685447,summer,jute
sandy,25.13842773,169.3388465,summer,jute
black,24.88692811,150.2498675,summer,jute
sandy,25.75734909,189.4263485,summer,jute
black,23.12844351,199.8362913,summer,jute
black,24.9949957,151.4935635,summer,jute
black,25.21622704,195.8645552,summer,jute
clay,24.39736241,164.2697011,summer,jute
sandy,23.31410442,164.4970373,summer,jute
black,25.72668885,191.9649389,summer,jute
sandy,26.96656378,169.8391177,summer,jute
black,23.70467146,181.2783964,summer,jute
clay,24.90075709,153.8990984,summer,jute
clay,23.39605743,174.787641099999,summer,jute
loamy,26.8748389,173.1017097,summer,jute
clay,23.1426498,151.9035477,summer,jute
loamy,24.29496635,184.9800516,summer,jute
sandy,24.39459498,197.1220049,summer,jute
sandy,25.7629429,174.5071843,summer,jute
loamy,25.4879684,168.7848886,summer,jute
sandy,25.37122686,183.8270791,summer,jute
clay,26.21312799,180.1237765,summer,jute
sandy,24.30748599,186.2337571,summer,jute
sandy,23.76554749,150.316615199999,summer,jute
sandy,24.79853023,162.2847429,summer,jute
sandy,23.20683504,199.4766779,summer,jute
black,23.66805429,184.4633281,summer,jute
black,25.12417673,159.5718087,summer,jute
loamy,23.89069041,167.723063199999,summer,jute
clay,23.09433785,196.6587013,summer,jute
black,24.21744605,166.136588599999,summer,jute
black,24.06475727,153.639021199999,summer,jute
sandy,24.85441411,175.572958,summer,jute
sandy,26.41915161,197.2101782,summer,jute
clay,24.89326318,196.469984,summer,jute
loamy,23.25583402,166.2160846,summer,jute
black,24.7634518,179.1630865,summer,jute
clay,24.97042599,166.6415254,summer,jute
loamy,26.12797248,150.6326874,summer,jute
sandy,25.97825807,163.3488091,summer,jute
black,26.2830571,186.6898282,summer,jute
loamy,26.38905406,176.1516409,summer,jute
clay,25.2746335,168.0432282,summer,jute
loamy,23.09499564,155.3851533,summer,jute
sandy,25.79351957,193.2418382,summer,jute
clay,23.17403323,160.6217342,summer,jute
loamy,25.63215038,182.2582277,summer,jute
loamy,25.848795,152.6194403,summer,jute
sandy,26.56767277,181.2915605,summer,jute
loamy,26.24532085,189.9711184,summer,jute
clay,26.91515043,177.2233048,summer,jute
sandy,24.36972377,159.9210934,summer,jute
loamy,25.71901283,187.1735424,summer,jute
sandy,25.01157559,169.4168014,summer,jute
clay,25.40785911,188.6372826,summer,jute
black,23.28081,153.7447398,summer,jute
black,23.98651719,167.0576456,summer,jute
clay,24.48556447,192.2316221,summer,jute
black,25.86705009,154.839084699999,summer,jute
clay,23.5643831,185.25947,summer,jute
black,24.2248758,192.4931257,summer,jute
sandy,25.49386782,176.5268267,summer,jute
loamy,24.97178693,195.7571622,summer,jute
loamy,24.80624984,156.3616174,summer,jute
sandy,23.16814977,157.1215052,summer,jute
sandy,24.25133493,175.1742112,summer,jute
sandy,26.58361011,154.8238864,summer,jute
black,26.82489244,153.919980699999,summer,jute
loamy,25.49674786,169.9288234,summer,jute
black,24.09874353,176.8604109,summer,jute
black,23.18866654,176.103677,summer,jute
loamy,26.24347471,183.4065252,summer,jute
loamy,23.75091572,160.0889553,summer,jute
sandy,26.13871511,171.4892533,summer,jute
sandy,26.14576648,193.1007598,summer,jute
sandy,26.91643698,171.4716375,summer,jute
loamy,26.5232969,157.8548562,summer,jute
clay,23.81579631,190.312216,summer,jute
sandy,26.50838667,152.9801697,summer,jute
sandy,26.63952463,199.3355744,summer,jute
clay,23.3250131,187.3096148,summer,jute
black,26.47549543,180.2513601,summer,jute
clay,23.78756036,172.6442654,summer,jute
loamy,25.49941707,193.7141828,summer,jute
sandy,23.24925555,184.7674863,summer,jute
clay,26.98582182,193.8778713,summer,jute
sandy,23.61475336,150.2355238,summer,jute
sandy,23.87484465,177.5147313,summer,jute
loamy,23.92887902,154.6608736,summer,jute
loamy,24.81441246,190.7886386,summer,jute
sandy,24.44743944,190.9684885,summer,jute
clay,26.57421679,159.3223075,summer,jute
clay,26.33377983,191.6549412,summer,coffee
sandy,26.45288458,144.686133599999,summer,coffee
sandy,25.70822684,136.732509199999,summer,coffee
sandy,24.12832546,147.2757818,summer,coffee
sandy,23.44372334,122.2103248,summer,coffee
loamy,23.4123707,139.3670753,summer,coffee
clay,23.05951896,164.4971875,summer,coffee
loamy,23.07895447,129.8765443,summer,coffee
black,27.6496114,122.8392822,summer,coffee
clay,25.46743689,171.376446199999,summer,coffee
clay,26.7350622,140.6305213,summer,coffee
sandy,26.20811417,189.0944824,summer,coffee
black,27.0424167,165.6872119,summer,coffee
sandy,24.65090184,135.1386537,summer,coffee
loamy,27.35152643,148.981252499999,summer,coffee
black,25.17787724,135.0119649,summer,coffee
clay,23.11438731,161.8944624,summer,coffee
clay,27.22783677,175.7260273,summer,coffee
sandy,23.26316991,194.1755471,summer,coffee
black,25.234661,124.2261737,summer,coffee
clay,25.59535262,195.7733251,summer,coffee
loamy,25.5674832,190.2257843,summer,coffee
sandy,25.67324193,196.2736367,summer,coffee
clay,24.40726724,148.6977358,summer,coffee
sandy,23.69287069,144.6576424,summer,coffee
black,24.53460016,180.5059257,summer,coffee
black,27.13140403,192.4280381,summer,coffee
black,27.56088634,167.435807499999,summer,coffee
clay,23.59302313,191.3980675,summer,coffee
black,23.17714381,117.3113562,summer,coffee
clay,24.71384065,197.6439711,summer,coffee
clay,24.38534644,119.6324109,summer,coffee
loamy,27.15998538,126.1752206,summer,coffee
black,26.53543168,120.6494434,summer,coffee
clay,27.01207284,191.4508931,summer,coffee
black,27.55906475,117.9389993,summer,coffee
loamy,23.32293161,168.264428699999,summer,coffee
loamy,24.23850608,115.1564012,summer,coffee
clay,23.42611644,122.6847408,summer,coffee
clay,26.02241444,176.9020924,summer,coffee
black,24.83846178,124.4135035,summer,coffee
loamy,26.24092174,148.377120199999,summer,coffee
black,24.43011925,181.6368274,summer,coffee
sandy,26.00373964,153.477776,summer,coffee
black,26.22367404,193.7461968,summer,coffee
black,27.09617155,190.2440566,summer,coffee
loamy,25.64004392,199.4735636,summer,coffee
sandy,27.74576987,139.8619431,summer,coffee
black,26.24928198,133.1120232,summer,coffee
clay,26.67377159,156.1543898,summer,coffee
sandy,27.10210397,139.5013171,summer,coffee
clay,27.62975458,196.6492664,summer,coffee
clay,27.5364547,130.6377143,summer,coffee
clay,23.56960509,130.3797119,summer,coffee
loamy,24.99451759,192.8736822,summer,coffee
clay,27.56441788,177.816092,summer,coffee
black,23.98143338,161.5279095,summer,coffee
sandy,24.22984659,122.4073418,summer,coffee
clay,25.60153969,168.8383605,summer,coffee
clay,24.31274458,184.4103931,summer,coffee
loamy,26.36629861,177.317616099999,summer,coffee
sandy,26.5602777,152.0616227,summer,coffee
sandy,26.35034208,121.5586297,summer,coffee
loamy,25.20406808,156.1457255,summer,coffee
black,23.35723208,171.6976946,summer,coffee
sandy,23.60567546,185.1568059,summer,coffee
clay,24.18471151,163.270873199999,summer,coffee
black,26.44414097,175.3723314,summer,coffee
black,26.12492233,147.8035305,summer,coffee
loamy,27.77363343,192.7121236,summer,coffee
clay,25.55656667,193.5866233,summer,coffee
clay,27.92374437,115.2325531,summer,coffee
sandy,26.05968403,161.3432535,summer,coffee
sandy,26.35770906,163.6269496,summer,coffee
loamy,24.91370487,129.5481144,summer,coffee
loamy,27.31317116,192.4288139,summer,coffee
clay,26.1387869,136.3027766,summer,coffee
loamy,23.1069385,162.576960599999,summer,coffee
loamy,23.52648086,171.8839938,summer,coffee
clay,25.11711046,194.8773479,summer,coffee
clay,24.02952505,134.6803969,summer,coffee
black,26.70897548,158.860888699999,summer,coffee
black,26.71717393,126.8073984,summer,coffee
loamy,24.59245684,137.704404699999,summer,coffee
loamy,27.51006055,143.9955548,summer,coffee
loamy,27.57847581,156.6810374,summer,coffee
clay,26.65069302,145.105065,summer,coffee
black,26.97251562,142.8610793,summer,coffee
sandy,23.17124551,153.1201644,summer,coffee
sandy,23.52652084,186.1728203,summer,coffee
sandy,27.30901814,141.4831644,summer,coffee
sandy,27.54823036,181.4170812,summer,coffee
clay,25.627355,188.5506536,summer,coffee
black,23.29250318,183.468585,summer,coffee
sandy,24.91461008,166.2549307,summer,coffee
loamy,26.77463708,177.7745075,summer,coffee
sandy,27.41711238,127.92461,summer,coffee
sandy,24.13179691,173.322838599999,summer,coffee
sandy,26.2724184,127.1752928,summer,coffee
black,23.60301571,140.9370415,summer,coffee
